LocalTimestamp,EmotiBitTimestamp,PacketNumber,DataLength,TypeTag,ProtocolVersion,DataReliability,T1
1733303843.379196,308072.000,48175,1,T1,1,100,32.319
1733303843.513197,308206.000,48193,1,T1,1,100,32.386
1733303843.646197,308339.000,48224,1,T1,1,100,32.451
1733303843.779198,308472.000,48241,1,T1,1,100,32.408
1733303843.912198,308605.000,48258,1,T1,1,100,32.496
1733303844.046198,308739.000,48290,1,T1,1,100,32.498
1733303844.179199,308872.000,48311,1,T1,1,100,32.393
1733303844.312199,309005.000,48328,1,T1,1,100,32.312
1733303844.446200,309139.000,48345,1,T1,1,100,32.383
1733303844.579200,309272.000,48362,1,T1,1,100,32.379
1733303844.712200,309405.000,48394,1,T1,1,100,32.483
1733303844.846201,309539.000,48410,1,T1,1,100,32.528
1733303844.979201,309672.000,48429,1,T1,1,100,32.406
1733303845.112202,309805.000,48461,1,T1,1,100,32.353
1733303845.246202,309939.000,48477,1,T1,1,100,32.365
1733303845.379202,310072.000,48494,1,T1,1,100,32.477
1733303845.512203,310205.000,48528,1,T1,1,100,32.455
1733303845.646203,310339.000,48544,1,T1,1,100,32.445
1733303845.779204,310472.000,48562,1,T1,1,100,32.405
1733303845.912204,310605.000,48578,1,T1,1,100,32.494
1733303846.046204,310739.000,48609,1,T1,1,100,32.427
1733303846.179205,310872.000,48627,1,T1,1,100,32.397
1733303846.312205,311005.000,48643,1,T1,1,100,32.385
1733303846.445205,311138.000,48679,1,T1,1,100,32.450
1733303846.579206,311272.000,48696,1,T1,1,100,32.549
1733303846.712206,311405.000,48712,1,T1,1,100,32.415
1733303846.845207,311538.000,48744,1,T1,1,100,32.357
1733303846.979207,311672.000,48761,1,T1,1,100,32.474
1733303847.112207,311805.000,48778,1,T1,1,100,32.453
1733303847.245208,311938.000,48809,1,T1,1,100,32.444
1733303847.379208,312072.000,48828,1,T1,1,100,32.511
1733303847.512209,312205.000,48845,1,T1,1,100,32.540
1733303847.645209,312338.000,48876,1,T1,1,100,32.553
1733303847.779209,312472.000,48894,1,T1,1,100,32.523
1733303847.912210,312605.000,48910,1,T1,1,100,32.474
1733303848.045210,312738.000,48942,1,T1,1,100,32.383
1733303848.179211,312872.000,48961,1,T1,1,100,32.520
1733303848.312211,313005.000,48977,1,T1,1,100,32.544
1733303848.445211,313138.000,48994,1,T1,1,100,32.484
1733303848.579212,313272.000,49026,1,T1,1,100,32.599
1733303848.712212,313405.000,49042,1,T1,1,100,32.472
1733303848.845212,313538.000,49060,1,T1,1,100,32.488
1733303848.979213,313672.000,49093,1,T1,1,100,32.530
1733303849.112213,313805.000,49110,1,T1,1,100,32.549
1733303849.245214,313938.000,49127,1,T1,1,100,32.521
1733303849.378214,314071.000,49149,1,T1,1,100,32.545
1733303849.512214,314205.000,49166,1,T1,1,100,32.484
1733303849.645215,314338.000,49197,1,T1,1,100,32.422
1733303849.779215,314472.000,49217,1,T1,1,100,32.502
1733303849.912216,314605.000,49233,1,T1,1,100,32.536
1733303850.045216,314738.000,49265,1,T1,1,100,32.516
1733303850.179216,314872.000,49282,1,T1,1,100,32.507
1733303850.312217,315005.000,49298,1,T1,1,100,32.574
1733303850.445217,315138.000,49330,1,T1,1,100,32.426
1733303850.578218,315271.000,49347,1,T1,1,100,32.574
1733303850.712218,315405.000,49365,1,T1,1,100,32.497
1733303850.845218,315538.000,49397,1,T1,1,100,32.463
1733303850.978219,315671.000,49414,1,T1,1,100,32.519
1733303851.112219,315805.000,49431,1,T1,1,100,32.615
1733303851.245220,315938.000,49462,1,T1,1,100,32.550
1733303851.378220,316071.000,49479,1,T1,1,100,32.521
1733303851.512220,316205.000,49500,1,T1,1,100,32.438
1733303851.645221,316338.000,49517,1,T1,1,100,32.473
1733303851.778221,316471.000,49549,1,T1,1,100,32.418
1733303851.912222,316605.000,49565,1,T1,1,100,32.464
1733303852.045222,316738.000,49582,1,T1,1,100,32.485
1733303852.178222,316871.000,49614,1,T1,1,100,32.564
1733303852.312223,317005.000,49630,1,T1,1,100,32.492
1733303852.445223,317138.000,49650,1,T1,1,100,32.390
1733303852.578223,317271.000,49681,1,T1,1,100,32.382
1733303852.712224,317405.000,49697,1,T1,1,100,32.555
1733303852.845224,317538.000,49715,1,T1,1,100,32.524
1733303852.978225,317671.000,49746,1,T1,1,100,32.617
1733303853.111225,317804.000,49763,1,T1,1,100,32.586
1733303853.245225,317938.000,49780,1,T1,1,100,32.466
1733303853.378226,318071.000,49814,1,T1,1,100,32.556
1733303853.512226,318205.000,49830,1,T1,1,100,32.524
1733303853.645227,318338.000,49847,1,T1,1,100,32.617
1733303853.778227,318471.000,49879,1,T1,1,100,32.586
1733303853.912227,318605.000,49895,1,T1,1,100,32.644
1733303854.045228,318738.000,49912,1,T1,1,100,32.669
1733303854.178228,318871.000,49931,1,T1,1,100,32.644
1733303854.311229,319004.000,49962,1,T1,1,100,32.562
1733303854.445229,319138.000,49985,1,T1,1,100,32.527
1733303854.578229,319271.000,50001,1,T1,1,100,32.512
1733303854.711230,319404.000,50018,1,T1,1,100,32.576
1733303854.845230,319538.000,50050,1,T1,1,100,32.639
1733303854.978230,319671.000,50066,1,T1,1,100,32.560
1733303855.111231,319804.000,50086,1,T1,1,100,32.526
1733303855.245231,319938.000,50102,1,T1,1,100,32.476
1733303855.378232,320071.000,50133,1,T1,1,100,32.560
1733303855.511232,320204.000,50151,1,T1,1,100,32.491
1733303855.645232,320338.000,50167,1,T1,1,100,32.567
1733303855.778233,320471.000,50199,1,T1,1,100,32.493
1733303855.911233,320604.000,50216,1,T1,1,100,32.568
1733303856.045234,320738.000,50234,1,T1,1,100,32.565
1733303856.178234,320871.000,50266,1,T1,1,100,32.528
1733303856.311234,321004.000,50283,1,T1,1,100,32.619
1733303856.444235,321137.000,50300,1,T1,1,100,32.693
1733303856.578235,321271.000,50333,1,T1,1,100,32.584
1733303856.711236,321404.000,50352,1,T1,1,100,32.572
1733303856.845236,321538.000,50369,1,T1,1,100,32.637
1733303856.978236,321671.000,50400,1,T1,1,100,32.595
1733303857.111237,321804.000,50418,1,T1,1,100,32.647
1733303857.244237,321937.000,50434,1,T1,1,100,32.528
1733303857.378238,322071.000,50451,1,T1,1,100,32.619
1733303857.511238,322204.000,50483,1,T1,1,100,32.658
1733303857.644238,322337.000,50501,1,T1,1,100,32.710
1733303857.778239,322471.000,50519,1,T1,1,100,32.626
1733303857.911239,322604.000,50550,1,T1,1,100,32.661
1733303858.044240,322737.000,50566,1,T1,1,100,32.605
1733303858.178240,322871.000,50584,1,T1,1,100,32.616
1733303858.311240,323004.000,50615,1,T1,1,100,32.515
1733303858.444241,323137.000,50634,1,T1,1,100,32.542
1733303858.578241,323271.000,50651,1,T1,1,100,32.695
1733303858.711241,323404.000,50683,1,T1,1,100,32.620
1733303858.844242,323537.000,50699,1,T1,1,100,32.694
1733303858.978242,323671.000,50716,1,T1,1,100,32.655
1733303859.111243,323804.000,50748,1,T1,1,100,32.602
1733303859.244243,323937.000,50766,1,T1,1,100,32.651
1733303859.378243,324071.000,50783,1,T1,1,100,32.672
1733303859.511244,324204.000,50800,1,T1,1,100,32.681
1733303859.644244,324337.000,50821,1,T1,1,100,32.578
1733303859.777245,324470.000,50853,1,T1,1,100,32.640
1733303859.911245,324604.000,50869,1,T1,1,100,32.525
1733303860.044245,324737.000,50888,1,T1,1,100,32.546
1733303860.177246,324870.000,50920,1,T1,1,100,32.556
1733303860.311246,325004.000,50936,1,T1,1,100,32.559
1733303860.444247,325137.000,50954,1,T1,1,100,32.597
1733303860.577247,325270.000,50985,1,T1,1,100,32.577
1733303860.711247,325404.000,51001,1,T1,1,100,32.533
1733303860.844248,325537.000,51019,1,T1,1,100,32.514
1733303860.977248,325670.000,51052,1,T1,1,100,32.542
1733303861.111248,325804.000,51069,1,T1,1,100,32.624
1733303861.244249,325937.000,51086,1,T1,1,100,32.625
1733303861.377249,326070.000,51102,1,T1,1,100,32.696
1733303861.511250,326204.000,51136,1,T1,1,100,32.691
1733303861.644250,326337.000,51153,1,T1,1,100,32.583
1733303861.777251,326470.000,51172,1,T1,1,100,32.536
1733303861.911251,326604.000,51203,1,T1,1,100,32.551
1733303862.044251,326737.000,51220,1,T1,1,100,32.451
1733303862.177252,326870.000,51237,1,T1,1,100,32.692
1733303862.311252,327004.000,51268,1,T1,1,100,32.654
1733303862.444252,327137.000,51286,1,T1,1,100,32.567
1733303862.577253,327270.000,51304,1,T1,1,100,32.635
1733303862.711253,327404.000,51336,1,T1,1,100,32.700
1733303862.844254,327537.000,51353,1,T1,1,100,32.658
1733303862.977254,327670.000,51369,1,T1,1,100,32.639
1733303863.110255,327803.000,51386,1,T1,1,100,32.702
1733303863.244255,327937.000,51418,1,T1,1,100,32.694
1733303863.377255,328070.000,51434,1,T1,1,100,32.619
1733303863.510256,328203.000,51454,1,T1,1,100,32.623
1733303863.644256,328337.000,51485,1,T1,1,100,32.518
1733303863.777256,328470.000,51502,1,T1,1,100,32.472
1733303863.910257,328603.000,51519,1,T1,1,100,32.594
1733303864.044257,328737.000,51551,1,T1,1,100,32.576
1733303864.177258,328870.000,51567,1,T1,1,100,32.675
1733303864.310258,329003.000,51584,1,T1,1,100,32.647
1733303864.444258,329137.000,51618,1,T1,1,100,32.670
1733303864.577259,329270.000,51634,1,T1,1,100,32.715
1733303864.710259,329403.000,51656,1,T1,1,100,32.664
1733303864.844260,329537.000,51673,1,T1,1,100,32.606
1733303864.977260,329670.000,51690,1,T1,1,100,32.617
1733303865.110260,329803.000,51724,1,T1,1,100,32.763
1733303865.244261,329937.000,51740,1,T1,1,100,32.756
1733303865.377261,330070.000,51757,1,T1,1,100,32.682
1733303865.510262,330203.000,51789,1,T1,1,100,32.614
1733303865.644262,330337.000,51805,1,T1,1,100,32.585
1733303865.777262,330470.000,51823,1,T1,1,100,32.537
1733303865.910263,330603.000,51856,1,T1,1,100,32.551
1733303866.044263,330737.000,51872,1,T1,1,100,32.664
1733303866.177263,330870.000,51890,1,T1,1,100,32.571
1733303866.310264,331003.000,51921,1,T1,1,100,32.708
1733303866.444264,331137.000,51938,1,T1,1,100,32.732
1733303866.577265,331270.000,51957,1,T1,1,100,32.742
1733303866.710265,331403.000,51973,1,T1,1,100,32.640
1733303866.843266,331536.000,52007,1,T1,1,100,32.667
1733303866.977266,331670.000,52024,1,T1,1,100,32.572
1733303867.110266,331803.000,52041,1,T1,1,100,32.779
1733303867.243267,331936.000,52072,1,T1,1,100,32.798
1733303867.377267,332070.000,52089,1,T1,1,100,32.629
1733303867.510267,332203.000,52108,1,T1,1,100,32.769
1733303867.643268,332336.000,52139,1,T1,1,100,32.652
1733303867.777268,332470.000,52157,1,T1,1,100,32.637
1733303867.910269,332603.000,52173,1,T1,1,100,32.736
1733303868.043269,332736.000,52205,1,T1,1,100,32.780
1733303868.177269,332870.000,52222,1,T1,1,100,32.727
1733303868.310270,333003.000,52238,1,T1,1,100,32.669
1733303868.443270,333136.000,52272,1,T1,1,100,32.715
1733303868.577271,333270.000,52289,1,T1,1,100,32.770
1733303868.710271,333403.000,52305,1,T1,1,100,32.688
1733303868.843271,333536.000,52323,1,T1,1,100,32.794
1733303868.977272,333670.000,52354,1,T1,1,100,32.769
1733303869.110272,333803.000,52371,1,T1,1,100,32.616
1733303869.243273,333936.000,52390,1,T1,1,100,32.657
1733303869.376273,334069.000,52422,1,T1,1,100,32.710
1733303869.510273,334203.000,52438,1,T1,1,100,32.591
1733303869.643274,334336.000,52455,1,T1,1,100,32.717
1733303869.776774,334469.500,52492,2,T1,1,100,32.665
1733303869.910275,334603.000,52492,2,T1,1,100,32.678
1733303870.043275,334736.000,52526,1,T1,1,100,32.790
1733303870.176275,334869.000,52543,1,T1,1,100,32.732
1733303870.310276,335003.000,52560,1,T1,1,100,32.636
1733303870.443276,335136.000,52592,1,T1,1,100,32.701
1733303870.576276,335269.000,52608,1,T1,1,100,32.729
1733303870.710277,335403.000,52627,1,T1,1,100,32.741
1733303870.843277,335536.000,52659,1,T1,1,100,32.817
1733303870.976278,335669.000,52675,1,T1,1,100,32.743
1733303871.110278,335803.000,52693,1,T1,1,100,32.641
1733303871.243278,335936.000,52724,1,T1,1,100,32.632
1733303871.376279,336069.000,52740,1,T1,1,100,32.663
1733303871.510279,336203.000,52760,1,T1,1,100,32.748
1733303871.643280,336336.000,52793,1,T1,1,100,32.749
1733303871.776280,336469.000,52810,1,T1,1,100,32.856
1733303871.910280,336603.000,52827,1,T1,1,100,32.831
1733303872.043281,336736.000,52859,1,T1,1,100,32.785
1733303872.176281,336869.000,52875,1,T1,1,100,32.730
1733303872.310282,337003.000,52894,1,T1,1,100,32.635
1733303872.443282,337136.000,52910,1,T1,1,100,32.700
1733303872.576282,337269.000,52942,1,T1,1,100,32.764
1733303872.709283,337402.000,52959,1,T1,1,100,32.791
1733303872.843283,337536.000,52976,1,T1,1,100,32.768
1733303872.976284,337669.000,53007,1,T1,1,100,32.758
1733303873.109284,337802.000,53027,1,T1,1,100,32.824
1733303873.243284,337936.000,53043,1,T1,1,100,32.676
1733303873.376285,338069.000,53075,1,T1,1,100,32.753
1733303873.509285,338202.000,53092,1,T1,1,100,32.751
1733303873.643285,338336.000,53108,1,T1,1,100,32.715
1733303873.776286,338469.000,53142,1,T1,1,100,32.770
1733303873.909286,338602.000,53159,1,T1,1,100,32.759
1733303874.043287,338736.000,53175,1,T1,1,100,32.718
1733303874.176287,338869.000,53207,1,T1,1,100,32.701
1733303874.309287,339002.000,53224,1,T1,1,100,32.729
1733303874.443288,339136.000,53241,1,T1,1,100,32.705
1733303874.576288,339269.000,53274,1,T1,1,100,32.731
1733303874.709289,339402.000,53291,1,T1,1,100,32.813
1733303874.843289,339536.000,53308,1,T1,1,100,32.777
1733303874.976289,339669.000,53330,1,T1,1,100,32.762
1733303875.109290,339802.000,53347,1,T1,1,100,32.684
1733303875.243290,339936.000,53378,1,T1,1,100,32.686
1733303875.376291,340069.000,53397,1,T1,1,100,32.722
1733303875.509291,340202.000,53414,1,T1,1,100,32.773
1733303875.643291,340336.000,53445,1,T1,1,100,32.760
1733303875.776292,340469.000,53463,1,T1,1,100,32.754
1733303875.909292,340602.000,53479,1,T1,1,100,32.823
1733303876.043293,340736.000,53511,1,T1,1,100,32.711
1733303876.176293,340869.000,53528,1,T1,1,100,32.662
1733303876.309293,341002.000,53544,1,T1,1,100,32.712
1733303876.442294,341135.000,53580,1,T1,1,100,32.769
1733303876.576294,341269.000,53597,1,T1,1,100,32.758
1733303876.709294,341402.000,53613,1,T1,1,100,32.683
1733303876.842295,341535.000,53631,1,T1,1,100,32.721
1733303876.976295,341669.000,53662,1,T1,1,100,32.666
1733303877.109296,341802.000,53681,1,T1,1,100,32.785
1733303877.242296,341935.000,53698,1,T1,1,100,32.836
1733303877.376296,342069.000,53730,1,T1,1,100,32.823
1733303877.509297,342202.000,53746,1,T1,1,100,32.817
1733303877.642297,342335.000,53763,1,T1,1,100,32.779
1733303877.776298,342469.000,53795,1,T1,1,100,32.727
1733303877.909298,342602.000,53811,1,T1,1,100,32.669
1733303878.042298,342735.000,53830,1,T1,1,100,32.786
1733303878.176299,342869.000,53862,1,T1,1,100,32.801
1733303878.309299,343002.000,53878,1,T1,1,100,32.808
1733303878.442299,343135.000,53896,1,T1,1,100,32.810
1733303878.576300,343269.000,53927,1,T1,1,100,32.741
1733303878.709300,343402.000,53943,1,T1,1,100,32.817
1733303878.842301,343535.000,53963,1,T1,1,100,32.850
1733303878.976301,343669.000,53979,1,T1,1,100,32.829
1733303879.109301,343802.000,54011,1,T1,1,100,32.819
1733303879.242302,343935.000,54028,1,T1,1,100,32.816
1733303879.376302,344069.000,54044,1,T1,1,100,32.743
1733303879.509303,344202.000,54076,1,T1,1,100,32.747
1733303879.642303,344335.000,54093,1,T1,1,100,32.784
1733303879.776303,344469.000,54110,1,T1,1,100,32.729
1733303879.909304,344602.000,54143,1,T1,1,100,32.777
1733303880.042304,344735.000,54166,1,T1,1,100,32.868
1733303880.176305,344869.000,54182,1,T1,1,100,32.943
1733303880.309305,345002.000,54199,1,T1,1,100,32.869
1733303880.442305,345135.000,54231,1,T1,1,100,32.731
1733303880.575306,345268.000,54247,1,T1,1,100,32.777
1733303880.709306,345402.000,54266,1,T1,1,100,32.726
1733303880.842307,345535.000,54283,1,T1,1,100,32.740
1733303880.975307,345668.000,54314,1,T1,1,100,32.816
1733303881.109307,345802.000,54332,1,T1,1,100,32.814
1733303881.242308,345935.000,54348,1,T1,1,100,32.813
1733303881.375308,346068.000,54382,1,T1,1,100,32.813
1733303881.509309,346202.000,54401,1,T1,1,100,32.742
1733303881.642309,346335.000,54417,1,T1,1,100,32.711
1733303881.775309,346468.000,54449,1,T1,1,100,32.804
1733303881.909310,346602.000,54466,1,T1,1,100,32.702
1733303882.042310,346735.000,54482,1,T1,1,100,32.800
1733303882.175310,346868.000,54514,1,T1,1,100,32.807
1733303882.309311,347002.000,54533,1,T1,1,100,32.739
1733303882.442311,347135.000,54550,1,T1,1,100,32.781
1733303882.575312,347268.000,54581,1,T1,1,100,32.870
1733303882.709312,347402.000,54598,1,T1,1,100,32.837
1733303882.842312,347535.000,54615,1,T1,1,100,32.894
1733303882.975313,347668.000,54632,1,T1,1,100,32.883
1733303883.108313,347801.000,54666,1,T1,1,100,32.914
1733303883.242314,347935.000,54682,1,T1,1,100,32.892
1733303883.375314,348068.000,54699,1,T1,1,100,32.882
1733303883.508314,348201.000,54731,1,T1,1,100,32.878
1733303883.642315,348335.000,54747,1,T1,1,100,32.876
1733303883.775315,348468.000,54765,1,T1,1,100,32.982
1733303883.908315,348601.000,54796,1,T1,1,100,32.957
1733303884.042316,348735.000,54812,1,T1,1,100,32.946
1733303884.175316,348868.000,54832,1,T1,1,100,32.870
1733303884.308317,349001.000,54863,1,T1,1,100,32.837
1733303884.442317,349135.000,54880,1,T1,1,100,32.823
1733303884.575317,349268.000,54897,1,T1,1,100,32.924
1733303884.708318,349401.000,54929,1,T1,1,100,32.896
1733303884.842318,349535.000,54947,1,T1,1,100,32.884
1733303884.975319,349668.000,54964,1,T1,1,100,32.843
1733303885.108319,349801.000,54981,1,T1,1,100,32.897
1733303885.242319,349935.000,55003,1,T1,1,100,32.778
1733303885.375320,350068.000,55035,1,T1,1,100,32.833
1733303885.508320,350201.000,55051,1,T1,1,100,32.928
1733303885.642321,350335.000,55068,1,T1,1,100,32.898
1733303885.775321,350468.000,55102,1,T1,1,100,32.956
1733303885.908321,350601.000,55118,1,T1,1,100,32.945
1733303886.042322,350735.000,55135,1,T1,1,100,32.799
1733303886.175322,350868.000,55152,1,T1,1,100,32.842
1733303886.308323,351001.000,55183,1,T1,1,100,32.896
1733303886.442323,351135.000,55201,1,T1,1,100,32.849
1733303886.575323,351268.000,55219,1,T1,1,100,32.899
1733303886.708324,351401.000,55253,1,T1,1,100,32.956
1733303886.841324,351534.000,55270,1,T1,1,100,32.910
1733303886.975325,351668.000,55286,1,T1,1,100,32.855
1733303887.108325,351801.000,55318,1,T1,1,100,32.866
1733303887.241325,351934.000,55335,1,T1,1,100,32.871
1733303887.375326,352068.000,55351,1,T1,1,100,32.838
1733303887.508326,352201.000,55385,1,T1,1,100,32.965
1733303887.641326,352334.000,55402,1,T1,1,100,32.985
1733303887.775327,352468.000,55419,1,T1,1,100,32.887
1733303887.908327,352601.000,55450,1,T1,1,100,32.845
1733303888.041328,352734.000,55467,1,T1,1,100,32.862
1733303888.175328,352868.000,55484,1,T1,1,100,32.798
1733303888.308328,353001.000,55501,1,T1,1,100,32.877
1733303888.441329,353134.000,55535,1,T1,1,100,32.982
1733303888.575329,353268.000,55551,1,T1,1,100,32.957
1733303888.708330,353401.000,55568,1,T1,1,100,32.946
1733303888.841330,353534.000,55600,1,T1,1,100,32.906
1733303888.975330,353668.000,55616,1,T1,1,100,32.853
1733303889.108331,353801.000,55634,1,T1,1,100,32.901
1733303889.241331,353934.000,55667,1,T1,1,100,32.851
1733303889.375332,354068.000,55683,1,T1,1,100,32.900
1733303889.508332,354201.000,55701,1,T1,1,100,32.992
1733303889.641332,354334.000,55732,1,T1,1,100,32.997
1733303889.774333,354467.000,55749,1,T1,1,100,32.963
1733303889.908333,354601.000,55766,1,T1,1,100,32.984
1733303890.041333,354734.000,55798,1,T1,1,100,32.993
1733303890.174334,354867.000,55816,1,T1,1,100,32.926
1733303890.308334,355001.000,55836,1,T1,1,100,33.003
1733303890.441335,355134.000,55853,1,T1,1,100,32.931
1733303890.574335,355267.000,55870,1,T1,1,100,32.864
1733303890.708335,355401.000,55902,1,T1,1,100,32.906
1733303890.841336,355534.000,55918,1,T1,1,100,32.924
1733303890.974336,355667.000,55935,1,T1,1,100,32.896
1733303891.108337,355801.000,55969,1,T1,1,100,32.955
1733303891.241337,355934.000,55985,1,T1,1,100,32.945
1733303891.374337,356067.000,56002,1,T1,1,100,32.976
1733303891.508338,356201.000,56036,1,T1,1,100,32.919
1733303891.641338,356334.000,56052,1,T1,1,100,32.894
1733303891.774339,356467.000,56070,1,T1,1,100,32.883
1733303891.908339,356601.000,56101,1,T1,1,100,32.914
1733303892.041339,356734.000,56119,1,T1,1,100,32.963
1733303892.174340,356867.000,56137,1,T1,1,100,33.019
1733303892.308340,357001.000,56153,1,T1,1,100,32.973
1733303892.441341,357134.000,56185,1,T1,1,100,32.953
1733303892.574341,357267.000,56202,1,T1,1,100,32.944
1733303892.707341,357400.000,56218,1,T1,1,100,32.905
1733303892.841342,357534.000,56250,1,T1,1,100,32.888
1733303892.974342,357667.000,56269,1,T1,1,100,32.845
1733303893.107342,357800.000,56286,1,T1,1,100,32.933
1733303893.241343,357934.000,56317,1,T1,1,100,33.006
1733303893.374343,358067.000,56334,1,T1,1,100,32.967
1733303893.507344,358200.000,56351,1,T1,1,100,32.879
1733303893.641344,358334.000,56382,1,T1,1,100,32.912
1733303893.774344,358467.000,56400,1,T1,1,100,32.891
1733303893.907345,358600.000,56416,1,T1,1,100,32.847
1733303894.041345,358734.000,56435,1,T1,1,100,32.934
1733303894.174346,358867.000,56467,1,T1,1,100,32.971
1733303894.307346,359000.000,56483,1,T1,1,100,32.952
1733303894.441346,359134.000,56500,1,T1,1,100,32.908
1733303894.574347,359267.000,56532,1,T1,1,100,32.889
1733303894.707347,359400.000,56550,1,T1,1,100,32.917
1733303894.841348,359534.000,56568,1,T1,1,100,32.893
1733303894.974348,359667.000,56599,1,T1,1,100,32.954
1733303895.107348,359800.000,56616,1,T1,1,100,33.015
1733303895.241349,359934.000,56633,1,T1,1,100,32.936
1733303895.374349,360067.000,56672,2,T1,1,100,32.866
1733303895.507349,360200.000,56672,2,T1,1,100,32.836
1733303895.641350,360334.000,56705,1,T1,1,100,32.752
1733303895.774350,360467.000,56722,1,T1,1,100,32.857
1733303895.907351,360600.000,56739,1,T1,1,100,32.938
1733303896.041351,360734.000,56771,1,T1,1,100,32.938
1733303896.174351,360867.000,56787,1,T1,1,100,32.938
1733303896.307352,361000.000,56804,1,T1,1,100,32.973
1733303896.441352,361134.000,56820,1,T1,1,100,32.917
1733303896.574353,361267.000,56856,1,T1,1,100,32.929
1733303896.707353,361400.000,56873,1,T1,1,100,32.969
1733303896.840353,361533.000,56890,1,T1,1,100,32.951
1733303896.974354,361667.000,56921,1,T1,1,100,32.943
1733303897.107354,361800.000,56939,1,T1,1,100,32.940
1733303897.240355,361933.000,56955,1,T1,1,100,32.903
1733303897.374355,362067.000,56989,1,T1,1,100,32.958
1733303897.507355,362200.000,57006,1,T1,1,100,33.017
1733303897.640356,362333.000,57022,1,T1,1,100,32.901
1733303897.774356,362467.000,57054,1,T1,1,100,32.993
1733303897.907357,362600.000,57071,1,T1,1,100,33.068
1733303898.040357,362733.000,57087,1,T1,1,100,32.958
1733303898.174357,362867.000,57119,1,T1,1,100,32.982
1733303898.307358,363000.000,57136,1,T1,1,100,32.957
1733303898.440358,363133.000,57155,1,T1,1,100,33.052
1733303898.574359,363267.000,57186,1,T1,1,100,32.952
1733303898.707359,363400.000,57203,1,T1,1,100,32.979
1733303898.840359,363533.000,57220,1,T1,1,100,33.062
1733303898.974360,363667.000,57237,1,T1,1,100,32.956
1733303899.107360,363800.000,57269,1,T1,1,100,32.875
1733303899.240360,363933.000,57285,1,T1,1,100,32.981
1733303899.374361,364067.000,57302,1,T1,1,100,32.956
1733303899.507361,364200.000,57336,1,T1,1,100,32.981
1733303899.640362,364333.000,57352,1,T1,1,100,33.027
1733303899.773362,364466.000,57370,1,T1,1,100,32.976
1733303899.907362,364600.000,57401,1,T1,1,100,33.025
1733303900.040363,364733.000,57417,1,T1,1,100,33.046
1733303900.173363,364866.000,57435,1,T1,1,100,32.985
1733303900.307364,365000.000,57468,1,T1,1,100,32.993
1733303900.440364,365133.000,57485,1,T1,1,100,32.997
1733303900.573364,365266.000,57507,1,T1,1,100,33.034
1733303900.707365,365400.000,57523,1,T1,1,100,33.015
1733303900.840365,365533.000,57541,1,T1,1,100,33.042
1733303900.973366,365666.000,57572,1,T1,1,100,33.018
1733303901.107366,365800.000,57591,1,T1,1,100,32.937
1733303901.240366,365933.000,57608,1,T1,1,100,32.937
1733303901.373367,366066.000,57640,1,T1,1,100,32.937
1733303901.507367,366200.000,57658,1,T1,1,100,33.044
1733303901.640368,366333.000,57675,1,T1,1,100,33.054
1733303901.773368,366466.000,57691,1,T1,1,100,32.988
1733303901.907368,366600.000,57723,1,T1,1,100,32.924
1733303902.040369,366733.000,57740,1,T1,1,100,32.861
1733303902.173369,366866.000,57759,1,T1,1,100,32.940
1733303902.307369,367000.000,57790,1,T1,1,100,32.938
1733303902.440370,367133.000,57808,1,T1,1,100,32.973
1733303902.573370,367266.000,57824,1,T1,1,100,33.095
1733303902.707371,367400.000,57856,1,T1,1,100,33.041
1733303902.840371,367533.000,57873,1,T1,1,100,32.982
1733303902.973372,367666.000,57891,1,T1,1,100,33.028
1733303903.106372,367799.000,57923,1,T1,1,100,32.977
1733303903.240372,367933.000,57940,1,T1,1,100,33.061
1733303903.373373,368066.000,57956,1,T1,1,100,33.133
1733303903.506373,368199.000,57974,1,T1,1,100,33.093
1733303903.640373,368333.000,58005,1,T1,1,100,33.005
1733303903.773374,368466.000,58022,1,T1,1,100,33.038
1733303903.906374,368599.000,58039,1,T1,1,100,32.945
1733303904.040375,368733.000,58073,1,T1,1,100,32.976
1733303904.173375,368866.000,58089,1,T1,1,100,33.025
1733303904.306376,368999.000,58106,1,T1,1,100,33.046
1733303904.440376,369133.000,58138,1,T1,1,100,32.985
1733303904.573376,369266.000,58154,1,T1,1,100,33.029
1733303904.706377,369399.000,58171,1,T1,1,100,32.977
1733303904.840377,369533.000,58205,1,T1,1,100,33.026
1733303904.973377,369666.000,58221,1,T1,1,100,33.153
1733303905.106378,369799.000,58239,1,T1,1,100,33.102
1733303905.240378,369933.000,58270,1,T1,1,100,33.079
1733303905.373379,370066.000,58286,1,T1,1,100,33.105
1733303905.506379,370199.000,58304,1,T1,1,100,33.046
1733303905.640379,370333.000,58320,1,T1,1,100,33.055
1733303905.773380,370466.000,58342,1,T1,1,100,33.059
1733303905.906380,370599.000,58375,1,T1,1,100,33.061
1733303906.039381,370732.000,58391,1,T1,1,100,33.026
1733303906.173381,370866.000,58409,1,T1,1,100,33.082
1733303906.306381,370999.000,58440,1,T1,1,100,33.107
1733303906.439382,371132.000,58457,1,T1,1,100,32.975
1733303906.573382,371266.000,58476,1,T1,1,100,33.060
1733303906.706383,371399.000,58508,1,T1,1,100,33.132
1733303906.839383,371532.000,58524,1,T1,1,100,33.057
1733303906.973383,371666.000,58543,1,T1,1,100,33.096
1733303907.106384,371799.000,58560,1,T1,1,100,33.183
1733303907.239384,371932.000,58591,1,T1,1,100,33.115
1733303907.373384,372066.000,58608,1,T1,1,100,33.014
1733303907.506385,372199.000,58625,1,T1,1,100,33.077
1733303907.639385,372332.000,58656,1,T1,1,100,33.033
1733303907.773386,372466.000,58674,1,T1,1,100,33.156
1733303907.906386,372599.000,58690,1,T1,1,100,33.139
1733303908.039387,372732.000,58724,1,T1,1,100,33.131
1733303908.173387,372866.000,58741,1,T1,1,100,33.057
1733303908.306387,372999.000,58757,1,T1,1,100,33.024
1733303908.439388,373132.000,58789,1,T1,1,100,33.082
1733303908.573388,373266.000,58806,1,T1,1,100,33.142
1733303908.706388,373399.000,58822,1,T1,1,100,33.132
1733303908.839389,373532.000,58854,1,T1,1,100,33.057
1733303908.973389,373666.000,58873,1,T1,1,100,33.131
1733303909.106390,373799.000,58890,1,T1,1,100,33.092
1733303909.239390,373932.000,58907,1,T1,1,100,33.075
1733303909.373390,374066.000,58939,1,T1,1,100,33.104
1733303909.506391,374199.000,58955,1,T1,1,100,32.974
1733303909.639391,374332.000,58972,1,T1,1,100,33.060
1733303909.773391,374466.000,59004,1,T1,1,100,33.026
1733303909.906392,374599.000,59022,1,T1,1,100,33.082
1733303910.039392,374732.000,59039,1,T1,1,100,33.177
1733303910.172393,374865.000,59071,1,T1,1,100,33.006
1733303910.306393,374999.000,59087,1,T1,1,100,33.073
1733303910.439394,375132.000,59105,1,T1,1,100,33.103
1733303910.572394,375265.000,59136,1,T1,1,100,33.080
1733303910.706394,375399.000,59152,1,T1,1,100,33.035
1733303910.839395,375532.000,59177,1,T1,1,100,33.121
1733303910.972395,375665.000,59193,1,T1,1,100,33.123
1733303911.106395,375799.000,59211,1,T1,1,100,33.089
1733303911.239396,375932.000,59242,1,T1,1,100,33.074
1733303911.372396,376065.000,59258,1,T1,1,100,32.926
1733303911.506397,376199.000,59278,1,T1,1,100,33.074
1733303911.639397,376332.000,59311,1,T1,1,100,33.280
1733303911.772397,376465.000,59328,1,T1,1,100,33.157
1733303911.906398,376599.000,59345,1,T1,1,100,33.139
1733303912.039398,376732.000,59361,1,T1,1,100,33.166
1733303912.172399,376865.000,59393,1,T1,1,100,33.143
1733303912.306399,376999.000,59410,1,T1,1,100,33.026
1733303912.439399,377132.000,59427,1,T1,1,100,33.153
1733303912.572400,377265.000,59460,1,T1,1,100,33.066
1733303912.705400,377398.000,59477,1,T1,1,100,33.100
1733303912.839401,377532.000,59494,1,T1,1,100,33.185
1733303912.972401,377665.000,59525,1,T1,1,100,33.151
1733303913.106401,377799.000,59543,1,T1,1,100,33.101
1733303913.239402,377932.000,59559,1,T1,1,100,33.115
1733303913.372402,378065.000,59576,1,T1,1,100,33.120
1733303913.505403,378198.000,59593,1,T1,1,100,33.123
1733303913.639403,378332.000,59626,1,T1,1,100,33.195
1733303913.772403,378465.000,59644,1,T1,1,100,33.155
1733303913.905404,378598.000,59660,1,T1,1,100,33.138
1733303914.039404,378732.000,59692,1,T1,1,100,33.131
1733303914.172404,378865.000,59709,1,T1,1,100,33.163
1733303914.305405,378998.000,59725,1,T1,1,100,33.141
1733303914.439405,379132.000,59757,1,T1,1,100,33.097
1733303914.572406,379265.000,59774,1,T1,1,100,33.113
1733303914.705406,379398.000,59790,1,T1,1,100,33.120
1733303914.839406,379532.000,59822,1,T1,1,100,33.087
1733303914.972407,379665.000,59841,1,T1,1,100,33.144
1733303915.105407,379798.000,59858,1,T1,1,100,33.098
1733303915.239408,379932.000,59889,1,T1,1,100,33.078
1733303915.372408,380065.000,59906,1,T1,1,100,33.140
1733303915.505408,380198.000,59923,1,T1,1,100,33.096
1733303915.639409,380332.000,59940,1,T1,1,100,33.148
1733303915.772409,380465.000,59972,1,T1,1,100,33.170
1733303915.905410,380598.000,59996,1,T1,1,100,33.074
1733303916.039410,380732.000,60013,1,T1,1,100,33.032
1733303916.172410,380865.000,60030,1,T1,1,100,33.156
1733303916.305411,380998.000,60046,1,T1,1,100,33.103
1733303916.439411,381132.000,60064,1,T1,1,100,33.151
1733303916.572412,381265.000,60097,1,T1,1,100,33.172
1733303916.705412,381398.000,60113,1,T1,1,100,33.145
1733303916.838412,381531.000,60131,1,T1,1,100,33.169
1733303916.972413,381665.000,60164,1,T1,1,100,33.144
1733303917.105413,381798.000,60181,1,T1,1,100,33.204
1733303917.238413,381931.000,60198,1,T1,1,100,33.124
1733303917.372414,382065.000,60230,1,T1,1,100,33.195
1733303917.505414,382198.000,60246,1,T1,1,100,33.191
1733303917.638415,382331.000,60263,1,T1,1,100,33.154
1733303917.772415,382465.000,60279,1,T1,1,100,33.173
1733303917.905415,382598.000,60311,1,T1,1,100,33.110
1733303918.038416,382731.000,60328,1,T1,1,100,33.190
1733303918.172416,382865.000,60345,1,T1,1,100,33.188
1733303918.305417,382998.000,60376,1,T1,1,100,33.188
1733303918.438417,383131.000,60394,1,T1,1,100,33.117
1733303918.572417,383265.000,60410,1,T1,1,100,33.086
1733303918.705418,383398.000,60444,1,T1,1,100,33.144
1733303918.838418,383531.000,60461,1,T1,1,100,33.133
1733303918.972419,383665.000,60477,1,T1,1,100,33.164
1733303919.105419,383798.000,60509,1,T1,1,100,33.248
1733303919.238419,383931.000,60526,1,T1,1,100,33.214
1733303919.372420,384065.000,60542,1,T1,1,100,33.163
1733303919.505420,384198.000,60576,1,T1,1,100,33.177
1733303919.638420,384331.000,60593,1,T1,1,100,33.112
1733303919.772421,384465.000,60610,1,T1,1,100,33.048
1733303919.905421,384598.000,60627,1,T1,1,100,33.163
1733303920.038422,384731.000,60658,1,T1,1,100,33.141
1733303920.171422,384864.000,60675,1,T1,1,100,33.203
1733303920.305422,384998.000,60692,1,T1,1,100,33.230
1733303920.438423,385131.000,60724,1,T1,1,100,33.099
1733303920.571423,385264.000,60742,1,T1,1,100,33.149
1733303920.705424,385398.000,60759,1,T1,1,100,33.242
1733303920.838424,385531.000,60791,1,T1,1,100,33.247
1733303920.971424,385664.000,60807,1,T1,1,100,33.178
1733303921.105425,385798.000,60830,1,T1,1,100,33.183
1733303921.238425,385931.000,60846,1,T1,1,100,33.221
1733303921.371426,386064.000,60863,1,T1,1,100,33.131
1733303921.505426,386198.000,60899,1,T1,1,100,33.163
1733303921.638426,386331.000,60915,1,T1,1,100,33.177
1733303921.771427,386464.000,60933,1,T1,1,100,33.077
1733303921.905427,386598.000,60964,1,T1,1,100,33.210
1733303922.038428,386731.000,60980,1,T1,1,100,33.197
1733303922.171428,386864.000,60998,1,T1,1,100,33.085
1733303922.305428,386998.000,61031,1,T1,1,100,33.108
1733303922.438429,387131.000,61048,1,T1,1,100,33.189
1733303922.571429,387264.000,61065,1,T1,1,100,33.117
1733303922.704429,387397.000,61097,1,T1,1,100,33.122
1733303922.838430,387531.000,61113,1,T1,1,100,33.230
1733303922.971430,387664.000,61130,1,T1,1,100,33.206
1733303923.104431,387797.000,61164,1,T1,1,100,33.195
1733303923.238431,387931.000,61180,1,T1,1,100,33.226
1733303923.371431,388064.000,61197,1,T1,1,100,33.169
1733303923.504432,388197.000,61214,1,T1,1,100,33.286
1733303923.638432,388331.000,61245,1,T1,1,100,33.265
1733303923.771433,388464.000,61263,1,T1,1,100,33.186
1733303923.904433,388597.000,61279,1,T1,1,100,33.151
1733303924.038433,388731.000,61313,1,T1,1,100,33.136
1733303924.171434,388864.000,61330,1,T1,1,100,33.094
1733303924.304434,388997.000,61346,1,T1,1,100,33.183
1733303924.438435,389131.000,61378,1,T1,1,100,33.221
1733303924.571435,389264.000,61395,1,T1,1,100,33.202
1733303924.704435,389397.000,61411,1,T1,1,100,33.158
1733303924.838436,389531.000,61443,1,T1,1,100,33.210
1733303924.971436,389664.000,61462,1,T1,1,100,33.162
1733303925.104436,389797.000,61479,1,T1,1,100,33.106
1733303925.238437,389931.000,61510,1,T1,1,100,33.117
1733303925.371437,390064.000,61527,1,T1,1,100,33.157
1733303925.504438,390197.000,61544,1,T1,1,100,33.174
1733303925.638438,390331.000,61561,1,T1,1,100,33.253
1733303925.771438,390464.000,61595,1,T1,1,100,33.251
1733303925.904439,390597.000,61611,1,T1,1,100,33.215
1733303926.038439,390731.000,61628,1,T1,1,100,33.270
1733303926.171440,390864.000,61665,1,T1,1,100,33.259
1733303926.304440,390997.000,61681,1,T1,1,100,33.254
1733303926.438440,391131.000,61699,1,T1,1,100,33.287
1733303926.571441,391264.000,61719,1,T1,1,100,33.231
1733303926.704441,391397.000,61736,1,T1,1,100,33.171
1733303926.837442,391530.000,61768,1,T1,1,100,33.216
1733303926.971442,391664.000,61784,1,T1,1,100,33.235
1733303927.104442,391797.000,61802,1,T1,1,100,33.208
1733303927.237443,391930.000,61833,1,T1,1,100,33.196
1733303927.371443,392064.000,61849,1,T1,1,100,33.227
1733303927.504444,392197.000,61867,1,T1,1,100,33.169
1733303927.637444,392330.000,61900,1,T1,1,100,33.286
1733303927.771444,392464.000,61917,1,T1,1,100,33.301
1733303927.904445,392597.000,61934,1,T1,1,100,33.237
1733303928.037445,392730.000,61966,1,T1,1,100,33.209
1733303928.171446,392864.000,61982,1,T1,1,100,33.268
1733303928.304446,392997.000,61999,1,T1,1,100,33.222
1733303928.437446,393130.000,62031,1,T1,1,100,33.132
1733303928.571447,393264.000,62047,1,T1,1,100,33.163
1733303928.704447,393397.000,62066,1,T1,1,100,33.212
1733303928.837447,393530.000,62083,1,T1,1,100,33.234
1733303928.971448,393664.000,62114,1,T1,1,100,33.314
1733303929.104448,393797.000,62132,1,T1,1,100,33.313
1733303929.237449,393930.000,62148,1,T1,1,100,33.206
1733303929.371449,394064.000,62180,1,T1,1,100,33.160
1733303929.504449,394197.000,62197,1,T1,1,100,33.211
1733303929.637450,394330.000,62213,1,T1,1,100,33.198
1733303929.771450,394464.000,62247,1,T1,1,100,33.298
1733303929.904451,394597.000,62264,1,T1,1,100,33.271
1733303930.037451,394730.000,62280,1,T1,1,100,33.224
1733303930.170451,394863.000,62312,1,T1,1,100,33.345
1733303930.304452,394997.000,62329,1,T1,1,100,33.397
1733303930.437452,395130.000,62346,1,T1,1,100,33.172
1733303930.570452,395263.000,62379,1,T1,1,100,33.216
1733303930.704453,395397.000,62396,1,T1,1,100,33.200
1733303930.837453,395530.000,62413,1,T1,1,100,33.228
1733303930.970454,395663.000,62444,1,T1,1,100,33.312
1733303931.104454,395797.000,62462,1,T1,1,100,33.348
1733303931.237454,395930.000,62478,1,T1,1,100,33.186
1733303931.370455,396063.000,62500,1,T1,1,100,33.222
1733303931.504455,396197.000,62519,1,T1,1,100,33.344
1733303931.637456,396330.000,62552,1,T1,1,100,33.255
1733303931.770456,396463.000,62570,1,T1,1,100,33.288
1733303931.904456,396597.000,62586,1,T1,1,100,33.302
1733303932.037457,396730.000,62618,1,T1,1,100,33.237
1733303932.170457,396863.000,62635,1,T1,1,100,33.138
1733303932.304458,396997.000,62651,1,T1,1,100,33.166
1733303932.437458,397130.000,62685,1,T1,1,100,33.249
1733303932.570458,397263.000,62702,1,T1,1,100,33.250
1733303932.704459,397397.000,62718,1,T1,1,100,33.250
1733303932.837459,397530.000,62736,1,T1,1,100,33.285
1733303932.970460,397663.000,62767,1,T1,1,100,33.265
1733303933.104460,397797.000,62784,1,T1,1,100,33.257
1733303933.237460,397930.000,62801,1,T1,1,100,33.253
1733303933.370461,398063.000,62833,1,T1,1,100,33.287
1733303933.503461,398196.000,62851,1,T1,1,100,33.266
1733303933.637462,398330.000,62868,1,T1,1,100,33.363
1733303933.770462,398463.000,62900,1,T1,1,100,33.334
1733303933.903462,398596.000,62916,1,T1,1,100,33.464
1733303934.037463,398730.000,62933,1,T1,1,100,33.378
1733303934.170463,398863.000,62967,1,T1,1,100,33.270
1733303934.303463,398996.000,62983,1,T1,1,100,33.294
1733303934.437464,399130.000,63001,1,T1,1,100,33.305
1733303934.570464,399263.000,63032,1,T1,1,100,33.274
1733303934.703465,399396.000,63048,1,T1,1,100,33.260
1733303934.837465,399530.000,63066,1,T1,1,100,33.290
1733303934.970465,399663.000,63082,1,T1,1,100,33.196
1733303935.103466,399796.000,63114,1,T1,1,100,33.262
1733303935.237466,399930.000,63133,1,T1,1,100,33.362
1733303935.370467,400063.000,63149,1,T1,1,100,33.369
1733303935.503467,400196.000,63181,1,T1,1,100,33.337
1733303935.637467,400330.000,63198,1,T1,1,100,33.323
1733303935.770468,400463.000,63215,1,T1,1,100,33.353
1733303935.903468,400596.000,63246,1,T1,1,100,33.330
1733303936.036469,400729.000,63263,1,T1,1,100,33.391
1733303936.170469,400863.000,63280,1,T1,1,100,33.382
1733303936.303469,400996.000,63313,1,T1,1,100,33.378
1733303936.437470,401130.000,63334,1,T1,1,100,33.341
1733303936.570470,401263.000,63352,1,T1,1,100,33.325
1733303936.703470,401396.000,63369,1,T1,1,100,33.176
1733303936.836471,401529.000,63386,1,T1,1,100,33.183
1733303936.970471,401663.000,63417,1,T1,1,100,33.292
1733303937.103472,401796.000,63435,1,T1,1,100,33.268
1733303937.236472,401929.000,63453,1,T1,1,100,33.293
1733303937.370472,402063.000,63485,1,T1,1,100,33.269
1733303937.503473,402196.000,63502,1,T1,1,100,33.187
1733303937.636473,402329.000,63518,1,T1,1,100,33.223
1733303937.770474,402463.000,63550,1,T1,1,100,33.238
1733303937.903474,402596.000,63567,1,T1,1,100,33.280
1733303938.036474,402729.000,63583,1,T1,1,100,33.299
1733303938.170475,402863.000,63617,1,T1,1,100,33.306
1733303938.303475,402996.000,63634,1,T1,1,100,33.310
1733303938.436476,403129.000,63651,1,T1,1,100,33.276
1733303938.570476,403263.000,63668,1,T1,1,100,33.332
1733303938.703476,403396.000,63700,1,T1,1,100,33.215
1733303938.836477,403529.000,63716,1,T1,1,100,33.235
1733303938.970477,403663.000,63733,1,T1,1,100,33.385
1733303939.103478,403796.000,63765,1,T1,1,100,33.309
1733303939.236478,403929.000,63783,1,T1,1,100,33.240
1733303939.370478,404063.000,63800,1,T1,1,100,33.281
1733303939.503479,404196.000,63832,1,T1,1,100,33.263
1733303939.636479,404329.000,63848,1,T1,1,100,33.362
1733303939.770480,404463.000,63866,1,T1,1,100,33.405
1733303939.903480,404596.000,63897,1,T1,1,100,33.423
1733303940.036480,404729.000,63913,1,T1,1,100,33.325
1733303940.170481,404863.000,63931,1,T1,1,100,33.282
1733303940.303481,404996.000,63964,1,T1,1,100,33.300
1733303940.436481,405129.000,63981,1,T1,1,100,33.307
1733303940.569482,405262.000,63998,1,T1,1,100,33.416
1733303940.703482,405396.000,64014,1,T1,1,100,33.535
1733303940.836483,405529.000,64046,1,T1,1,100,33.480
1733303940.969483,405662.000,64063,1,T1,1,100,33.456
1733303941.103483,405796.000,64082,1,T1,1,100,33.374
1733303941.236484,405929.000,64113,1,T1,1,100,33.268
1733303941.369484,406062.000,64130,1,T1,1,100,33.329
1733303941.503485,406196.000,64149,1,T1,1,100,33.390
1733303941.636485,406329.000,64173,1,T1,1,100,33.382
1733303941.769485,406462.000,64189,1,T1,1,100,33.413
1733303941.903486,406596.000,64221,1,T1,1,100,33.392
1733303942.036486,406729.000,64238,1,T1,1,100,33.311
1733303942.169487,406862.000,64257,1,T1,1,100,33.277
1733303942.303487,406996.000,64288,1,T1,1,100,33.297
1733303942.436487,407129.000,64306,1,T1,1,100,33.270
1733303942.569488,407262.000,64322,1,T1,1,100,33.330
1733303942.703488,407396.000,64354,1,T1,1,100,33.426
1733303942.836488,407529.000,64371,1,T1,1,100,33.326
1733303942.969489,407662.000,64387,1,T1,1,100,33.248
1733303943.102489,407795.000,64421,1,T1,1,100,33.249
1733303943.236490,407929.000,64438,1,T1,1,100,33.250
1733303943.369490,408062.000,64454,1,T1,1,100,33.427
1733303943.502491,408195.000,64486,1,T1,1,100,33.398
1733303943.636491,408329.000,64503,1,T1,1,100,33.349
1733303943.769491,408462.000,64520,1,T1,1,100,33.293
1733303943.902492,408595.000,64553,1,T1,1,100,33.304
1733303944.036492,408729.000,64570,1,T1,1,100,33.309
1733303944.169492,408862.000,64587,1,T1,1,100,33.346
1733303944.302493,408995.000,64604,1,T1,1,100,33.434
1733303944.436493,409129.000,64636,1,T1,1,100,33.471
1733303944.569494,409262.000,64652,1,T1,1,100,33.417
1733303944.702494,409395.000,64669,1,T1,1,100,33.428
1733303944.836494,409529.000,64701,1,T1,1,100,33.398
1733303944.969495,409662.000,64719,1,T1,1,100,33.279
1733303945.102495,409795.000,64737,1,T1,1,100,33.333
1733303945.236496,409929.000,64768,1,T1,1,100,33.428
1733303945.369496,410062.000,64784,1,T1,1,100,33.433
1733303945.502496,410195.000,64802,1,T1,1,100,33.471
1733303945.636497,410329.000,64833,1,T1,1,100,33.452
1733303945.769497,410462.000,64850,1,T1,1,100,33.337
1733303945.902498,410595.000,64867,1,T1,1,100,33.394
1733303946.036498,410729.000,64901,1,T1,1,100,33.383
1733303946.169498,410862.000,64917,1,T1,1,100,33.450
1733303946.302499,410995.000,64934,1,T1,1,100,33.407
1733303946.436499,411129.000,64950,1,T1,1,100,33.460
1733303946.569499,411262.000,64984,1,T1,1,100,33.412
1733303946.702500,411395.000,65009,1,T1,1,100,33.462
1733303946.835500,411528.000,65025,1,T1,1,100,33.413
1733303946.969501,411662.000,65042,1,T1,1,100,33.427
1733303947.102501,411795.000,65074,1,T1,1,100,33.468
1733303947.235502,411928.000,65090,1,T1,1,100,33.451
1733303947.369502,412062.000,65107,1,T1,1,100,33.443
1733303947.502502,412195.000,65139,1,T1,1,100,33.369
1733303947.635503,412328.000,65155,1,T1,1,100,33.408
1733303947.769503,412462.000,65175,1,T1,1,100,33.389
1733303947.902503,412595.000,65206,1,T1,1,100,33.346
1733303948.035504,412728.000,65222,1,T1,1,100,33.433
1733303948.169504,412862.000,65240,1,T1,1,100,33.436
1733303948.302505,412995.000,65256,1,T1,1,100,33.366
1733303948.435505,413128.000,65274,1,T1,1,100,33.406
1733303948.569505,413262.000,65305,1,T1,1,100,33.460
1733303948.702506,413395.000,65323,1,T1,1,100,33.376
1733303948.835506,413528.000,65341,1,T1,1,100,33.411
1733303948.969507,413662.000,65372,1,T1,1,100,33.461
1733303949.102507,413795.000,65389,1,T1,1,100,33.412
1733303949.235507,413928.000,65406,1,T1,1,100,33.427
1733303949.368508,414061.000,65438,1,T1,1,100,33.433
1733303949.502508,414195.000,65454,1,T1,1,100,33.294
1733303949.635509,414328.000,65471,1,T1,1,100,33.340
1733303949.768509,414461.000,65505,1,T1,1,100,33.466
1733303949.902509,414595.000,65521,1,T1,1,100,33.414
1733303950.035510,414728.000,2,1,T1,1,100,33.498
1733303950.168510,414861.000,19,1,T1,1,100,33.464
1733303950.302510,414995.000,50,1,T1,1,100,33.378
1733303950.435511,415128.000,68,1,T1,1,100,33.447
1733303950.568511,415261.000,86,1,T1,1,100,33.477
1733303950.702512,415395.000,118,1,T1,1,100,33.348
1733303950.835512,415528.000,135,1,T1,1,100,33.434
1733303950.968513,415661.000,151,1,T1,1,100,33.543
1733303951.102513,415795.000,183,1,T1,1,100,33.412
1733303951.235513,415928.000,200,1,T1,1,100,33.391
1733303951.368514,416061.000,216,1,T1,1,100,33.346
1733303951.502514,416195.000,252,1,T1,1,100,33.504
1733303951.635514,416328.000,269,1,T1,1,100,33.360
1733303951.768515,416461.000,291,1,T1,1,100,33.475
1733303951.902515,416595.000,322,1,T1,1,100,33.489
1733303952.035516,416728.000,339,1,T1,1,100,33.460
1733303952.168516,416861.000,356,1,T1,1,100,33.412
1733303952.302516,416995.000,373,1,T1,1,100,33.462
1733303952.435517,417128.000,407,1,T1,1,100,33.377
1733303952.568517,417261.000,423,1,T1,1,100,33.447
1733303952.702518,417395.000,440,1,T1,1,100,33.548
1733303952.835518,417528.000,472,1,T1,1,100,33.485
1733303952.968518,417661.000,488,1,T1,1,100,33.494
1733303953.102519,417795.000,506,1,T1,1,100,33.497
1733303953.235519,417928.000,539,1,T1,1,100,33.463
1733303953.368520,418061.000,555,1,T1,1,100,33.413
1733303953.501520,418194.000,573,1,T1,1,100,33.533
1733303953.635520,418328.000,604,1,T1,1,100,33.479
1733303953.768521,418461.000,621,1,T1,1,100,33.385
1733303953.901521,418594.000,638,1,T1,1,100,33.450
1733303954.035522,418728.000,672,1,T1,1,100,33.372
1733303954.168522,418861.000,688,1,T1,1,100,33.409
1733303954.301522,418994.000,705,1,T1,1,100,33.425
1733303954.435523,419128.000,721,1,T1,1,100,33.326
1733303954.568523,419261.000,753,1,T1,1,100,33.354
1733303954.701523,419394.000,770,1,T1,1,100,33.437
1733303954.835524,419528.000,787,1,T1,1,100,33.402
1733303954.968524,419661.000,818,1,T1,1,100,33.316
1733303955.101525,419794.000,836,1,T1,1,100,33.385
1733303955.235525,419928.000,852,1,T1,1,100,33.415
1733303955.368525,420061.000,886,1,T1,1,100,33.357
1733303955.501526,420194.000,903,1,T1,1,100,33.403
1733303955.635526,420328.000,919,1,T1,1,100,33.493
1733303955.768527,420461.000,951,1,T1,1,100,33.391
1733303955.901527,420594.000,968,1,T1,1,100,33.417
1733303956.035527,420728.000,986,1,T1,1,100,33.393
1733303956.168528,420861.000,1018,1,T1,1,100,33.312
1733303956.301528,420994.000,1035,1,T1,1,100,33.383
1733303956.435529,421128.000,1052,1,T1,1,100,33.449
1733303956.568529,421261.000,1071,1,T1,1,100,33.372
1733303956.701529,421394.000,1102,1,T1,1,100,33.338
1733303956.834530,421527.000,1119,1,T1,1,100,33.430
1733303956.968530,421661.000,1139,1,T1,1,100,33.399
1733303957.101531,421794.000,1158,1,T1,1,100,33.456
1733303957.234531,421927.000,1189,1,T1,1,100,33.481
1733303957.368531,422061.000,1206,1,T1,1,100,33.385
1733303957.501532,422194.000,1223,1,T1,1,100,33.486
1733303957.634532,422327.000,1254,1,T1,1,100,33.458
1733303957.768533,422461.000,1272,1,T1,1,100,33.376
1733303957.901533,422594.000,1288,1,T1,1,100,33.304
1733303958.034533,422727.000,1305,1,T1,1,100,33.380
1733303958.168534,422861.000,1339,1,T1,1,100,33.306
1733303958.301534,422994.000,1355,1,T1,1,100,33.416
1733303958.434534,423127.000,1373,1,T1,1,100,33.499
1733303958.568535,423261.000,1404,1,T1,1,100,33.464
1733303958.701535,423394.000,1420,1,T1,1,100,33.414
1733303958.834536,423527.000,1438,1,T1,1,100,33.427
1733303958.968536,423661.000,1471,1,T1,1,100,33.362
1733303959.101536,423794.000,1488,1,T1,1,100,33.334
1733303959.234537,423927.000,1505,1,T1,1,100,33.428
1733303959.368537,424061.000,1537,1,T1,1,100,33.504
1733303959.501538,424194.000,1553,1,T1,1,100,33.396
1733303959.634538,424327.000,1570,1,T1,1,100,33.419
1733303959.767538,424460.000,1602,1,T1,1,100,33.430
1733303959.901539,424594.000,1620,1,T1,1,100,33.470
1733303960.034539,424727.000,1637,1,T1,1,100,33.522
1733303960.167539,424860.000,1654,1,T1,1,100,33.510
1733303960.301540,424994.000,1685,1,T1,1,100,33.504
1733303960.434540,425127.000,1703,1,T1,1,100,33.537
1733303960.567541,425260.000,1719,1,T1,1,100,33.622
1733303960.701541,425394.000,1751,1,T1,1,100,33.518
1733303960.834541,425527.000,1770,1,T1,1,100,33.472
1733303960.967542,425660.000,1786,1,T1,1,100,33.488
1733303961.101542,425794.000,1818,1,T1,1,100,33.424
1733303961.234543,425927.000,1835,1,T1,1,100,33.467
1733303961.367543,426060.000,1851,1,T1,1,100,33.663
1733303961.501543,426194.000,1885,1,T1,1,100,33.571
1733303961.634544,426327.000,1902,1,T1,1,100,33.531
1733303961.767544,426460.000,1921,1,T1,1,100,33.513
1733303961.901545,426594.000,1952,1,T1,1,100,33.364
1733303962.034545,426727.000,1976,1,T1,1,100,33.370
1733303962.167545,426860.000,1993,1,T1,1,100,33.444
1733303962.301546,426994.000,2024,1,T1,1,100,33.511
1733303962.434546,427127.000,2042,1,T1,1,100,33.469
1733303962.567547,427260.000,2058,1,T1,1,100,33.522
1733303962.701547,427394.000,2077,1,T1,1,100,33.510
1733303962.834547,427527.000,2109,1,T1,1,100,33.469
1733303962.967548,427660.000,2125,1,T1,1,100,33.451
1733303963.100548,427793.000,2142,1,T1,1,100,33.585
1733303963.234549,427927.000,2174,1,T1,1,100,33.501
1733303963.367549,428060.000,2190,1,T1,1,100,33.501
1733303963.500549,428193.000,2208,1,T1,1,100,33.571
1733303963.634550,428327.000,2241,1,T1,1,100,33.495
1733303963.767550,428460.000,2258,1,T1,1,100,33.569
1733303963.900550,428593.000,2275,1,T1,1,100,33.601
1733303964.034551,428727.000,2307,1,T1,1,100,33.579
1733303964.167551,428860.000,2323,1,T1,1,100,33.534
1733303964.300552,428993.000,2340,1,T1,1,100,33.586
1733303964.434552,429127.000,2374,1,T1,1,100,33.537
1733303964.567552,429260.000,2390,1,T1,1,100,33.481
1733303964.700553,429393.000,2407,1,T1,1,100,33.563
1733303964.834553,429527.000,2439,1,T1,1,100,33.563
1733303964.967554,429660.000,2455,1,T1,1,100,33.598
1733303965.100554,429793.000,2473,1,T1,1,100,33.613
1733303965.234554,429927.000,2489,1,T1,1,100,33.514
1733303965.367555,430060.000,2520,1,T1,1,100,33.506
1733303965.500555,430193.000,2540,1,T1,1,100,33.538
1733303965.634556,430327.000,2556,1,T1,1,100,33.587
1733303965.767556,430460.000,2588,1,T1,1,100,33.644
1733303965.900556,430593.000,2605,1,T1,1,100,33.704
1733303966.033557,430726.000,2621,1,T1,1,100,33.659
1733303966.167557,430860.000,2653,1,T1,1,100,33.533
1733303966.300557,430993.000,2670,1,T1,1,100,33.444
1733303966.434558,431127.000,2689,1,T1,1,100,33.546
1733303966.567558,431260.000,2722,1,T1,1,100,33.520
1733303966.700559,431393.000,2739,1,T1,1,100,33.509
1733303966.833559,431526.000,2756,1,T1,1,100,33.610
1733303966.967559,431660.000,2787,1,T1,1,100,33.654
1733303967.100560,431793.000,2810,1,T1,1,100,33.673
1733303967.233560,431926.000,2828,1,T1,1,100,33.575
1733303967.367561,432060.000,2845,1,T1,1,100,33.532
1733303967.500561,432193.000,2877,1,T1,1,100,33.585
1733303967.633561,432326.000,2893,1,T1,1,100,33.537
1733303967.767562,432460.000,2911,1,T1,1,100,33.587
1733303967.900562,432593.000,2942,1,T1,1,100,33.644
1733303968.033563,432726.000,2958,1,T1,1,100,33.633
1733303968.167563,432860.000,2976,1,T1,1,100,33.522
1733303968.300563,432993.000,3009,1,T1,1,100,33.581
1733303968.433564,433126.000,3026,1,T1,1,100,33.606
1733303968.567564,433260.000,3043,1,T1,1,100,33.546
1733303968.700565,433393.000,3075,1,T1,1,100,33.591
1733303968.833565,433526.000,3091,1,T1,1,100,33.575
1733303968.967565,433660.000,3108,1,T1,1,100,33.532
1733303969.100566,433793.000,3126,1,T1,1,100,33.585
1733303969.233566,433926.000,3158,1,T1,1,100,33.537
1733303969.367567,434060.000,3175,1,T1,1,100,33.480
1733303969.500567,434193.000,3192,1,T1,1,100,33.598
1733303969.633567,434326.000,3223,1,T1,1,100,33.613
1733303969.767568,434460.000,3241,1,T1,1,100,33.620
1733303969.900568,434593.000,3257,1,T1,1,100,33.587
1733303970.033568,434726.000,3291,1,T1,1,100,33.609
1733303970.166569,434859.000,3308,1,T1,1,100,33.618
1733303970.300569,434993.000,3324,1,T1,1,100,33.516
1733303970.433570,435126.000,3356,1,T1,1,100,33.542
1733303970.566570,435259.000,3373,1,T1,1,100,33.589
1733303970.700570,435393.000,3389,1,T1,1,100,33.539
1733303970.833571,435526.000,3423,1,T1,1,100,33.623
1733303970.966571,435659.000,3440,1,T1,1,100,33.660
1733303971.100572,435793.000,3457,1,T1,1,100,33.463
1733303971.233572,435926.000,3474,1,T1,1,100,33.519
1733303971.366572,436059.000,3505,1,T1,1,100,33.544
1733303971.500573,436193.000,3524,1,T1,1,100,33.519
1733303971.633573,436326.000,3541,1,T1,1,100,33.508
1733303971.766573,436459.000,3575,1,T1,1,100,33.539
1733303971.900574,436593.000,3591,1,T1,1,100,33.588
1733303972.033574,436726.000,3608,1,T1,1,100,33.573
1733303972.166575,436859.000,3645,1,T1,1,100,33.638
1733303972.300575,436993.000,3661,1,T1,1,100,33.560
1733303972.433575,437126.000,3679,1,T1,1,100,33.632
1733303972.566576,437259.000,3710,1,T1,1,100,33.735
1733303972.699576,437392.000,3728,1,T1,1,100,33.637
1733303972.833577,437526.000,3746,1,T1,1,100,33.737
1733303972.966577,437659.000,3777,1,T1,1,100,33.638
1733303973.099577,437792.000,3794,1,T1,1,100,33.560
1733303973.233578,437926.000,3811,1,T1,1,100,33.490
1733303973.366578,438059.000,3827,1,T1,1,100,33.496
1733303973.499579,438192.000,3859,1,T1,1,100,33.605
1733303973.633579,438326.000,3876,1,T1,1,100,33.510
1733303973.766579,438459.000,3895,1,T1,1,100,33.540
1733303973.900580,438593.000,3926,1,T1,1,100,33.553
1733303974.033580,438726.000,3943,1,T1,1,100,33.523
1733303974.166581,438859.000,3960,1,T1,1,100,33.687
1733303974.299581,438992.000,3991,1,T1,1,100,33.723
1733303974.433581,439126.000,4009,1,T1,1,100,33.632
1733303974.566582,439259.000,4025,1,T1,1,100,33.663
1733303974.699582,439392.000,4059,1,T1,1,100,33.642
1733303974.833583,439526.000,4076,1,T1,1,100,33.561
1733303974.966583,439659.000,4092,1,T1,1,100,33.456
1733303975.099583,439792.000,4109,1,T1,1,100,33.658
1733303975.233584,439926.000,4141,1,T1,1,100,33.639
1733303975.366584,440059.000,4157,1,T1,1,100,33.631
1733303975.499584,440192.000,4177,1,T1,1,100,33.699
1733303975.633585,440326.000,4208,1,T1,1,100,33.515
1733303975.766585,440459.000,4225,1,T1,1,100,33.471
1733303975.899586,440592.000,4242,1,T1,1,100,33.487
1733303976.033586,440726.000,4274,1,T1,1,100,33.495
1733303976.166586,440859.000,4290,1,T1,1,100,33.604
1733303976.299587,440992.000,4307,1,T1,1,100,33.722
1733303976.433587,441126.000,4343,1,T1,1,100,33.703
1733303976.566588,441259.000,4359,1,T1,1,100,33.659
1733303976.699588,441392.000,4376,1,T1,1,100,33.640
1733303976.833588,441526.000,4408,1,T1,1,100,33.560
1733303976.966589,441659.000,4424,1,T1,1,100,33.632
1733303977.099589,441792.000,4442,1,T1,1,100,33.735
