LocalTimestamp,EmotiBitTimestamp,PacketNumber,DataLength,TypeTag,ProtocolVersion,DataReliability,TH
1733303843.394197,308087.000,48176,1,TH,1,100,30.035
1733303843.528197,308221.000,48194,1,TH,1,100,30.035
1733303843.661197,308354.000,48225,1,TH,1,100,30.083
1733303843.794198,308487.000,48242,1,TH,1,100,30.083
1733303843.927198,308620.000,48259,1,TH,1,100,30.155
1733303844.061198,308754.000,48291,1,TH,1,100,30.155
1733303844.194199,308887.000,48312,1,TH,1,100,30.075
1733303844.327199,309020.000,48329,1,TH,1,100,30.082
1733303844.461200,309154.000,48346,1,TH,1,100,30.137
1733303844.594200,309287.000,48363,1,TH,1,100,30.137
1733303844.727201,309420.000,48395,1,TH,1,100,30.236
1733303844.860201,309553.000,48411,1,TH,1,100,30.237
1733303844.994201,309687.000,48430,1,TH,1,100,30.000
1733303845.127202,309820.000,48462,1,TH,1,100,30.000
1733303845.261202,309954.000,48478,1,TH,1,100,30.110
1733303845.394202,310087.000,48495,1,TH,1,100,30.110
1733303845.527203,310220.000,48529,1,TH,1,100,30.118
1733303845.660203,310353.000,48545,1,TH,1,100,30.125
1733303845.794204,310487.000,48563,1,TH,1,100,30.084
1733303845.927204,310620.000,48594,1,TH,1,100,30.084
1733303846.060205,310753.000,48610,1,TH,1,100,30.156
1733303846.194205,310887.000,48628,1,TH,1,100,30.156
1733303846.327205,311020.000,48659,1,TH,1,100,30.143
1733303846.461205,311154.000,48680,1,TH,1,100,30.143
1733303846.594206,311287.000,48697,1,TH,1,100,30.068
1733303846.727206,311420.000,48713,1,TH,1,100,30.068
1733303846.860207,311553.000,48745,1,TH,1,100,30.181
1733303846.994207,311687.000,48762,1,TH,1,100,30.189
1733303847.127208,311820.000,48779,1,TH,1,100,30.139
1733303847.260208,311953.000,48810,1,TH,1,100,30.139
1733303847.394208,312087.000,48829,1,TH,1,100,30.106
1733303847.527209,312220.000,48846,1,TH,1,100,30.106
1733303847.660209,312353.000,48877,1,TH,1,100,30.158
1733303847.794209,312487.000,48895,1,TH,1,100,30.158
1733303847.927210,312620.000,48911,1,TH,1,100,30.157
1733303848.060210,312753.000,48943,1,TH,1,100,30.164
1733303848.194211,312887.000,48962,1,TH,1,100,30.108
1733303848.327211,313020.000,48978,1,TH,1,100,30.108
1733303848.460212,313153.000,49010,1,TH,1,100,30.138
1733303848.593212,313286.000,49027,1,TH,1,100,30.138
1733303848.727212,313420.000,49043,1,TH,1,100,30.123
1733303848.860213,313553.000,49061,1,TH,1,100,30.123
1733303848.993213,313686.000,49094,1,TH,1,100,30.061
1733303849.127213,313820.000,49111,1,TH,1,100,30.068
1733303849.260214,313953.000,49128,1,TH,1,100,30.171
1733303849.393214,314086.000,49150,1,TH,1,100,30.171
1733303849.527215,314220.000,49167,1,TH,1,100,30.263
1733303849.660215,314353.000,49198,1,TH,1,100,30.263
1733303849.793215,314486.000,49218,1,TH,1,100,30.201
1733303849.927216,314620.000,49234,1,TH,1,100,30.201
1733303850.060216,314753.000,49266,1,TH,1,100,30.145
1733303850.193217,314886.000,49283,1,TH,1,100,30.145
1733303850.327217,315020.000,49299,1,TH,1,100,30.207
1733303850.460217,315153.000,49331,1,TH,1,100,30.214
1733303850.593218,315286.000,49348,1,TH,1,100,30.119
1733303850.727218,315420.000,49366,1,TH,1,100,30.119
1733303850.860219,315553.000,49398,1,TH,1,100,30.201
1733303850.993219,315686.000,49415,1,TH,1,100,30.201
1733303851.126219,315819.000,49432,1,TH,1,100,30.165
1733303851.260220,315953.000,49463,1,TH,1,100,30.165
1733303851.393220,316086.000,49480,1,TH,1,100,30.211
1733303851.526221,316219.000,49501,1,TH,1,100,30.211
1733303851.660221,316353.000,49532,1,TH,1,100,30.190
1733303851.793221,316486.000,49550,1,TH,1,100,30.198
1733303851.927222,316620.000,49566,1,TH,1,100,30.110
1733303852.060222,316753.000,49583,1,TH,1,100,30.110
1733303852.193222,316886.000,49615,1,TH,1,100,30.087
1733303852.326223,317019.000,49631,1,TH,1,100,30.087
1733303852.460223,317153.000,49651,1,TH,1,100,30.169
1733303852.593224,317286.000,49682,1,TH,1,100,30.176
1733303852.727224,317420.000,49698,1,TH,1,100,30.158
1733303852.860224,317553.000,49716,1,TH,1,100,30.158
1733303852.993225,317686.000,49747,1,TH,1,100,30.158
1733303853.126225,317819.000,49764,1,TH,1,100,30.158
1733303853.260226,317953.000,49781,1,TH,1,100,30.171
1733303853.393226,318086.000,49815,1,TH,1,100,30.171
1733303853.526226,318219.000,49831,1,TH,1,100,30.189
1733303853.660227,318353.000,49848,1,TH,1,100,30.189
1733303853.793227,318486.000,49880,1,TH,1,100,30.139
1733303853.926228,318619.000,49896,1,TH,1,100,30.147
1733303854.060228,318753.000,49913,1,TH,1,100,30.211
1733303854.193228,318886.000,49947,1,TH,1,100,30.211
1733303854.326229,319019.000,49963,1,TH,1,100,30.167
1733303854.460229,319153.000,49986,1,TH,1,100,30.167
1733303854.593230,319286.000,50002,1,TH,1,100,30.246
1733303854.726230,319419.000,50019,1,TH,1,100,30.246
1733303854.860230,319553.000,50051,1,TH,1,100,30.142
1733303854.993231,319686.000,50067,1,TH,1,100,30.141
1733303855.126231,319819.000,50087,1,TH,1,100,30.131
1733303855.259231,319952.000,50118,1,TH,1,100,30.138
1733303855.393232,320086.000,50134,1,TH,1,100,30.087
1733303855.526232,320219.000,50152,1,TH,1,100,30.087
1733303855.659233,320352.000,50168,1,TH,1,100,30.243
1733303855.793233,320486.000,50200,1,TH,1,100,30.243
1733303855.926233,320619.000,50217,1,TH,1,100,30.148
1733303856.059234,320752.000,50235,1,TH,1,100,30.148
1733303856.193234,320886.000,50267,1,TH,1,100,30.182
1733303856.326235,321019.000,50284,1,TH,1,100,30.189
1733303856.459235,321152.000,50301,1,TH,1,100,30.253
1733303856.593235,321286.000,50334,1,TH,1,100,30.253
1733303856.726236,321419.000,50353,1,TH,1,100,30.250
1733303856.859236,321552.000,50370,1,TH,1,100,30.250
1733303856.993237,321686.000,50401,1,TH,1,100,30.178
1733303857.126237,321819.000,50419,1,TH,1,100,30.178
1733303857.259237,321952.000,50435,1,TH,1,100,30.276
1733303857.393238,322086.000,50467,1,TH,1,100,30.276
1733303857.526238,322219.000,50484,1,TH,1,100,30.147
1733303857.659238,322352.000,50502,1,TH,1,100,30.154
1733303857.793239,322486.000,50520,1,TH,1,100,30.221
1733303857.926239,322619.000,50551,1,TH,1,100,30.221
1733303858.059240,322752.000,50567,1,TH,1,100,30.187
1733303858.192240,322885.000,50585,1,TH,1,100,30.187
1733303858.326240,323019.000,50616,1,TH,1,100,30.157
1733303858.459241,323152.000,50635,1,TH,1,100,30.157
1733303858.592241,323285.000,50652,1,TH,1,100,30.184
1733303858.726242,323419.000,50684,1,TH,1,100,30.184
1733303858.859242,323552.000,50700,1,TH,1,100,30.220
1733303858.993242,323686.000,50717,1,TH,1,100,30.228
1733303859.126243,323819.000,50749,1,TH,1,100,30.225
1733303859.259243,323952.000,50767,1,TH,1,100,30.225
1733303859.393244,324086.000,50784,1,TH,1,100,30.163
1733303859.526244,324219.000,50822,2,TH,1,100,30.163
1733303859.659244,324352.000,50822,2,TH,1,100,30.214
1733303859.792245,324485.000,50854,1,TH,1,100,30.214
1733303859.926245,324619.000,50870,1,TH,1,100,30.266
1733303860.059246,324752.000,50889,1,TH,1,100,30.273
1733303860.192246,324885.000,50921,1,TH,1,100,30.217
1733303860.326246,325019.000,50937,1,TH,1,100,30.217
1733303860.459247,325152.000,50955,1,TH,1,100,30.288
1733303860.592247,325285.000,50986,1,TH,1,100,30.288
1733303860.726248,325419.000,51002,1,TH,1,100,30.275
1733303860.859248,325552.000,51020,1,TH,1,100,30.275
1733303860.992248,325685.000,51053,1,TH,1,100,30.203
1733303861.126249,325819.000,51070,1,TH,1,100,30.203
1733303861.259249,325952.000,51087,1,TH,1,100,30.198
1733303861.392249,326085.000,51103,1,TH,1,100,30.205
1733303861.525250,326218.000,51137,1,TH,1,100,30.254
1733303861.659250,326352.000,51154,1,TH,1,100,30.254
1733303861.792251,326485.000,51173,1,TH,1,100,30.197
1733303861.925251,326618.000,51204,1,TH,1,100,30.197
1733303862.059251,326752.000,51221,1,TH,1,100,30.313
1733303862.192252,326885.000,51238,1,TH,1,100,30.313
1733303862.325252,327018.000,51269,1,TH,1,100,30.285
1733303862.459253,327152.000,51287,1,TH,1,100,30.292
1733303862.592253,327285.000,51305,1,TH,1,100,30.282
1733303862.725253,327418.000,51337,1,TH,1,100,30.282
1733303862.859254,327552.000,51354,1,TH,1,100,30.184
1733303862.992254,327685.000,51370,1,TH,1,100,30.184
1733303863.125254,327818.000,51402,1,TH,1,100,30.289
1733303863.259255,327952.000,51419,1,TH,1,100,30.289
1733303863.392255,328085.000,51435,1,TH,1,100,30.238
1733303863.525256,328218.000,51455,1,TH,1,100,30.238
1733303863.659256,328352.000,51486,1,TH,1,100,30.294
1733303863.792256,328485.000,51503,1,TH,1,100,30.294
1733303863.925257,328618.000,51520,1,TH,1,100,30.353
1733303864.059257,328752.000,51552,1,TH,1,100,30.360
1733303864.192258,328885.000,51568,1,TH,1,100,30.247
1733303864.325258,329018.000,51585,1,TH,1,100,30.247
1733303864.459258,329152.000,51619,1,TH,1,100,30.319
1733303864.592259,329285.000,51635,1,TH,1,100,30.319
1733303864.725259,329418.000,51657,1,TH,1,100,30.216
1733303864.858260,329551.000,51674,1,TH,1,100,30.216
1733303864.992260,329685.000,51691,1,TH,1,100,30.216
1733303865.125260,329818.000,51725,1,TH,1,100,30.223
1733303865.258261,329951.000,51741,1,TH,1,100,30.313
1733303865.392261,330085.000,51758,1,TH,1,100,30.313
1733303865.525262,330218.000,51790,1,TH,1,100,30.203
1733303865.658262,330351.000,51806,1,TH,1,100,30.203
1733303865.792262,330485.000,51824,1,TH,1,100,30.249
1733303865.925263,330618.000,51857,1,TH,1,100,30.249
1733303866.058263,330751.000,51873,1,TH,1,100,30.336
1733303866.192264,330885.000,51891,1,TH,1,100,30.336
1733303866.325264,331018.000,51922,1,TH,1,100,30.238
1733303866.458264,331151.000,51939,1,TH,1,100,30.245
1733303866.592265,331285.000,51958,1,TH,1,100,30.266
1733303866.725265,331418.000,51992,1,TH,1,100,30.266
1733303866.858265,331551.000,52008,1,TH,1,100,30.333
1733303866.992266,331685.000,52025,1,TH,1,100,30.333
1733303867.125266,331818.000,52042,1,TH,1,100,30.317
1733303867.258267,331951.000,52073,1,TH,1,100,30.317
1733303867.392267,332085.000,52090,1,TH,1,100,30.240
1733303867.525267,332218.000,52109,1,TH,1,100,30.239
1733303867.658268,332351.000,52140,1,TH,1,100,30.322
1733303867.792268,332485.000,52158,1,TH,1,100,30.329
1733303867.925269,332618.000,52174,1,TH,1,100,30.311
1733303868.058269,332751.000,52206,1,TH,1,100,30.311
1733303868.191269,332884.000,52223,1,TH,1,100,30.229
1733303868.325270,333018.000,52239,1,TH,1,100,30.229
1733303868.458270,333151.000,52273,1,TH,1,100,30.252
1733303868.592271,333285.000,52290,1,TH,1,100,30.252
1733303868.725271,333418.000,52306,1,TH,1,100,30.306
1733303868.858271,333551.000,52338,1,TH,1,100,30.306
1733303868.991272,333684.000,52355,1,TH,1,100,30.329
1733303869.125272,333818.000,52372,1,TH,1,100,30.336
1733303869.258272,333951.000,52391,1,TH,1,100,30.305
1733303869.391273,334084.000,52423,1,TH,1,100,30.305
1733303869.525273,334218.000,52439,1,TH,1,100,30.326
1733303869.658274,334351.000,52456,1,TH,1,100,30.326
1733303869.791274,334484.000,52493,1,TH,1,100,30.236
1733303869.925274,334618.000,52510,1,TH,1,100,30.236
1733303870.058275,334751.000,52527,1,TH,1,100,30.323
1733303870.191275,334884.000,52544,1,TH,1,100,30.323
1733303870.325276,335018.000,52575,1,TH,1,100,30.338
1733303870.458276,335151.000,52593,1,TH,1,100,30.346
1733303870.591276,335284.000,52609,1,TH,1,100,30.341
1733303870.725277,335418.000,52628,1,TH,1,100,30.341
1733303870.858277,335551.000,52660,1,TH,1,100,30.228
1733303870.991278,335684.000,52676,1,TH,1,100,30.227
1733303871.125278,335818.000,52694,1,TH,1,100,30.274
1733303871.258278,335951.000,52725,1,TH,1,100,30.274
1733303871.391279,336084.000,52741,1,TH,1,100,30.255
1733303871.524279,336217.000,52761,1,TH,1,100,30.255
1733303871.658280,336351.000,52794,1,TH,1,100,30.309
1733303871.791280,336484.000,52811,1,TH,1,100,30.309
1733303871.924280,336617.000,52828,1,TH,1,100,30.294
1733303872.058281,336751.000,52860,1,TH,1,100,30.301
1733303872.191281,336884.000,52876,1,TH,1,100,30.275
1733303872.325282,337018.000,52895,1,TH,1,100,30.275
1733303872.458282,337151.000,52927,1,TH,1,100,30.255
1733303872.591282,337284.000,52943,1,TH,1,100,30.255
1733303872.724283,337417.000,52960,1,TH,1,100,30.332
1733303872.858283,337551.000,52992,1,TH,1,100,30.332
1733303872.991283,337684.000,53008,1,TH,1,100,30.326
1733303873.124284,337817.000,53028,1,TH,1,100,30.334
1733303873.258284,337951.000,53044,1,TH,1,100,30.269
1733303873.391285,338084.000,53076,1,TH,1,100,30.269
1733303873.524285,338217.000,53093,1,TH,1,100,30.379
1733303873.658285,338351.000,53109,1,TH,1,100,30.379
1733303873.791286,338484.000,53143,1,TH,1,100,30.312
1733303873.924286,338617.000,53160,1,TH,1,100,30.312
1733303874.058287,338751.000,53176,1,TH,1,100,30.305
1733303874.191287,338884.000,53208,1,TH,1,100,30.305
1733303874.324287,339017.000,53225,1,TH,1,100,30.318
1733303874.458288,339151.000,53242,1,TH,1,100,30.325
1733303874.591288,339284.000,53275,1,TH,1,100,30.320
1733303874.724288,339417.000,53292,1,TH,1,100,30.320
1733303874.857289,339550.000,53309,1,TH,1,100,30.433
1733303874.991289,339684.000,53331,1,TH,1,100,30.433
1733303875.124290,339817.000,53348,1,TH,1,100,30.340
1733303875.257290,339950.000,53379,1,TH,1,100,30.340
1733303875.391290,340084.000,53398,1,TH,1,100,30.304
1733303875.524291,340217.000,53415,1,TH,1,100,30.304
1733303875.657291,340350.000,53446,1,TH,1,100,30.332
1733303875.791292,340484.000,53464,1,TH,1,100,30.332
1733303875.924292,340617.000,53480,1,TH,1,100,30.392
1733303876.057292,340750.000,53512,1,TH,1,100,30.399
1733303876.191293,340884.000,53529,1,TH,1,100,30.396
1733303876.324293,341017.000,53545,1,TH,1,100,30.396
1733303876.457294,341150.000,53581,1,TH,1,100,30.314
1733303876.591294,341284.000,53598,1,TH,1,100,30.314
1733303876.724294,341417.000,53614,1,TH,1,100,30.309
1733303876.857295,341550.000,53646,1,TH,1,100,30.309
1733303876.991295,341684.000,53663,1,TH,1,100,30.372
1733303877.124296,341817.000,53682,1,TH,1,100,30.372
1733303877.257296,341950.000,53699,1,TH,1,100,30.380
1733303877.391296,342084.000,53731,1,TH,1,100,30.387
1733303877.524297,342217.000,53747,1,TH,1,100,30.387
1733303877.657297,342350.000,53764,1,TH,1,100,30.387
1733303877.791298,342484.000,53796,1,TH,1,100,30.405
1733303877.924298,342617.000,53812,1,TH,1,100,30.405
1733303878.057298,342750.000,53831,1,TH,1,100,30.354
1733303878.191299,342884.000,53863,1,TH,1,100,30.354
1733303878.324299,343017.000,53879,1,TH,1,100,30.464
1733303878.457299,343150.000,53897,1,TH,1,100,30.464
1733303878.590300,343283.000,53928,1,TH,1,100,30.408
1733303878.724300,343417.000,53944,1,TH,1,100,30.415
1733303878.857301,343550.000,53964,1,TH,1,100,30.371
1733303878.991301,343684.000,53995,1,TH,1,100,30.371
1733303879.124301,343817.000,54012,1,TH,1,100,30.412
1733303879.257302,343950.000,54029,1,TH,1,100,30.412
1733303879.390302,344083.000,54045,1,TH,1,100,30.381
1733303879.524303,344217.000,54077,1,TH,1,100,30.381
1733303879.657303,344350.000,54094,1,TH,1,100,30.427
1733303879.791303,344484.000,54111,1,TH,1,100,30.427
1733303879.924304,344617.000,54144,1,TH,1,100,30.378
1733303880.057304,344750.000,54167,1,TH,1,100,30.385
1733303880.190305,344883.000,54183,1,TH,1,100,30.454
1733303880.324305,345017.000,54200,1,TH,1,100,30.454
1733303880.457305,345150.000,54232,1,TH,1,100,30.421
1733303880.590306,345283.000,54248,1,TH,1,100,30.421
1733303880.724306,345417.000,54267,1,TH,1,100,30.403
1733303880.857306,345550.000,54299,1,TH,1,100,30.403
1733303880.990307,345683.000,54315,1,TH,1,100,30.467
1733303881.124307,345817.000,54333,1,TH,1,100,30.467
1733303881.257308,345950.000,54349,1,TH,1,100,30.415
1733303881.390308,346083.000,54383,1,TH,1,100,30.415
1733303881.523309,346216.000,54402,1,TH,1,100,30.449
1733303881.657309,346350.000,54418,1,TH,1,100,30.456
1733303881.790309,346483.000,54450,1,TH,1,100,30.344
1733303881.924310,346617.000,54467,1,TH,1,100,30.344
1733303882.057310,346750.000,54483,1,TH,1,100,30.433
1733303882.190310,346883.000,54515,1,TH,1,100,30.433
1733303882.323311,347016.000,54534,1,TH,1,100,30.377
1733303882.457311,347150.000,54551,1,TH,1,100,30.376
1733303882.590312,347283.000,54582,1,TH,1,100,30.433
1733303882.724312,347417.000,54599,1,TH,1,100,30.440
1733303882.857312,347550.000,54616,1,TH,1,100,30.473
1733303882.990313,347683.000,54647,1,TH,1,100,30.473
1733303883.123313,347816.000,54667,1,TH,1,100,30.478
1733303883.257314,347950.000,54683,1,TH,1,100,30.478
1733303883.390314,348083.000,54700,1,TH,1,100,30.386
1733303883.523314,348216.000,54732,1,TH,1,100,30.386
1733303883.657315,348350.000,54748,1,TH,1,100,30.478
1733303883.790315,348483.000,54766,1,TH,1,100,30.478
1733303883.923316,348616.000,54797,1,TH,1,100,30.448
1733303884.057316,348750.000,54813,1,TH,1,100,30.448
1733303884.190316,348883.000,54833,1,TH,1,100,30.460
1733303884.323317,349016.000,54864,1,TH,1,100,30.460
1733303884.457317,349150.000,54881,1,TH,1,100,30.480
1733303884.590317,349283.000,54898,1,TH,1,100,30.488
1733303884.723318,349416.000,54930,1,TH,1,100,30.467
1733303884.856318,349549.000,54948,1,TH,1,100,30.467
1733303884.990319,349683.000,54965,1,TH,1,100,30.390
1733303885.123319,349816.000,54982,1,TH,1,100,30.390
1733303885.257319,349950.000,55004,1,TH,1,100,30.426
1733303885.390320,350083.000,55036,1,TH,1,100,30.426
1733303885.523320,350216.000,55052,1,TH,1,100,30.493
1733303885.656321,350349.000,55069,1,TH,1,100,30.500
1733303885.790321,350483.000,55103,1,TH,1,100,30.417
1733303885.923321,350616.000,55119,1,TH,1,100,30.417
1733303886.056322,350749.000,55136,1,TH,1,100,30.446
1733303886.190322,350883.000,55168,1,TH,1,100,30.446
1733303886.323323,351016.000,55184,1,TH,1,100,30.472
1733303886.456323,351149.000,55202,1,TH,1,100,30.472
1733303886.590323,351283.000,55220,1,TH,1,100,30.515
1733303886.723324,351416.000,55254,1,TH,1,100,30.515
1733303886.856324,351549.000,55271,1,TH,1,100,30.479
1733303886.990324,351683.000,55287,1,TH,1,100,30.479
1733303887.123325,351816.000,55319,1,TH,1,100,30.420
1733303887.256325,351949.000,55336,1,TH,1,100,30.427
1733303887.390326,352083.000,55352,1,TH,1,100,30.419
1733303887.523326,352216.000,55386,1,TH,1,100,30.419
1733303887.656327,352349.000,55403,1,TH,1,100,30.504
1733303887.790327,352483.000,55420,1,TH,1,100,30.504
1733303887.923327,352616.000,55451,1,TH,1,100,30.396
1733303888.056328,352749.000,55468,1,TH,1,100,30.396
1733303888.189328,352882.000,55485,1,TH,1,100,30.419
1733303888.323328,353016.000,55516,1,TH,1,100,30.419
1733303888.456329,353149.000,55536,1,TH,1,100,30.509
1733303888.589329,353282.000,55552,1,TH,1,100,30.516
1733303888.723330,353416.000,55569,1,TH,1,100,30.523
1733303888.856330,353549.000,55601,1,TH,1,100,30.523
1733303888.990330,353683.000,55617,1,TH,1,100,30.400
1733303889.123331,353816.000,55635,1,TH,1,100,30.400
1733303889.256331,353949.000,55668,1,TH,1,100,30.539
1733303889.390332,354083.000,55684,1,TH,1,100,30.539
1733303889.523332,354216.000,55702,1,TH,1,100,30.523
1733303889.656332,354349.000,55733,1,TH,1,100,30.523
1733303889.789333,354482.000,55750,1,TH,1,100,30.533
1733303889.923333,354616.000,55767,1,TH,1,100,30.540
1733303890.056334,354749.000,55799,1,TH,1,100,30.500
1733303890.189334,354882.000,55817,1,TH,1,100,30.500
1733303890.323334,355016.000,55837,1,TH,1,100,30.518
1733303890.456335,355149.000,55854,1,TH,1,100,30.518
1733303890.589335,355282.000,55871,1,TH,1,100,30.518
1733303890.723336,355416.000,55903,1,TH,1,100,30.518
1733303890.856336,355549.000,55919,1,TH,1,100,30.451
1733303890.989336,355682.000,55936,1,TH,1,100,30.451
1733303891.123337,355816.000,55970,1,TH,1,100,30.540
1733303891.256337,355949.000,55986,1,TH,1,100,30.548
1733303891.389338,356082.000,56003,1,TH,1,100,30.542
1733303891.523338,356216.000,56037,1,TH,1,100,30.542
1733303891.656338,356349.000,56053,1,TH,1,100,30.532
1733303891.789339,356482.000,56071,1,TH,1,100,30.532
1733303891.923339,356616.000,56102,1,TH,1,100,30.591
1733303892.056340,356749.000,56120,1,TH,1,100,30.591
1733303892.189340,356882.000,56138,1,TH,1,100,30.563
1733303892.322340,357015.000,56169,1,TH,1,100,30.563
1733303892.456341,357149.000,56186,1,TH,1,100,30.455
1733303892.589341,357282.000,56203,1,TH,1,100,30.455
1733303892.722341,357415.000,56219,1,TH,1,100,30.496
1733303892.856342,357549.000,56251,1,TH,1,100,30.504
1733303892.989342,357682.000,56270,1,TH,1,100,30.598
1733303893.122343,357815.000,56287,1,TH,1,100,30.598
1733303893.256343,357949.000,56318,1,TH,1,100,30.516
1733303893.389343,358082.000,56335,1,TH,1,100,30.516
1733303893.522344,358215.000,56352,1,TH,1,100,30.549
1733303893.656344,358349.000,56383,1,TH,1,100,30.549
1733303893.789345,358482.000,56401,1,TH,1,100,30.615
1733303893.922345,358615.000,56417,1,TH,1,100,30.615
1733303894.056345,358749.000,56451,1,TH,1,100,30.539
1733303894.189346,358882.000,56468,1,TH,1,100,30.539
1733303894.322346,359015.000,56484,1,TH,1,100,30.607
1733303894.456347,359149.000,56516,1,TH,1,100,30.615
1733303894.589347,359282.000,56533,1,TH,1,100,30.528
1733303894.722347,359415.000,56551,1,TH,1,100,30.528
1733303894.856348,359549.000,56569,1,TH,1,100,30.553
1733303894.989348,359682.000,56600,1,TH,1,100,30.553
1733303895.122349,359815.000,56617,1,TH,1,100,30.577
1733303895.256349,359949.000,56634,1,TH,1,100,30.577
1733303895.389349,360082.000,56673,2,TH,1,100,30.550
1733303895.522350,360215.000,56673,2,TH,1,100,30.550
1733303895.655350,360348.000,56706,1,TH,1,100,30.637
1733303895.789351,360482.000,56723,1,TH,1,100,30.637
1733303895.922351,360615.000,56740,1,TH,1,100,30.543
1733303896.056351,360749.000,56772,1,TH,1,100,30.550
1733303896.189352,360882.000,56788,1,TH,1,100,30.545
1733303896.322352,361015.000,56805,1,TH,1,100,30.545
1733303896.456352,361149.000,56841,1,TH,1,100,30.558
1733303896.589353,361282.000,56857,1,TH,1,100,30.558
1733303896.722353,361415.000,56874,1,TH,1,100,30.647
1733303896.855354,361548.000,56906,1,TH,1,100,30.647
1733303896.989354,361682.000,56922,1,TH,1,100,30.657
1733303897.122354,361815.000,56940,1,TH,1,100,30.657
1733303897.255355,361948.000,56956,1,TH,1,100,30.553
1733303897.389355,362082.000,56990,1,TH,1,100,30.560
1733303897.522356,362215.000,57007,1,TH,1,100,30.565
1733303897.655356,362348.000,57023,1,TH,1,100,30.565
1733303897.789356,362482.000,57055,1,TH,1,100,30.524
1733303897.922357,362615.000,57072,1,TH,1,100,30.524
1733303898.055357,362748.000,57088,1,TH,1,100,30.603
1733303898.189358,362882.000,57120,1,TH,1,100,30.603
1733303898.322358,363015.000,57137,1,TH,1,100,30.574
1733303898.455358,363148.000,57156,1,TH,1,100,30.574
1733303898.588359,363281.000,57187,1,TH,1,100,30.564
1733303898.722359,363415.000,57204,1,TH,1,100,30.564
1733303898.855359,363548.000,57221,1,TH,1,100,30.639
1733303898.988360,363681.000,57252,1,TH,1,100,30.646
1733303899.122360,363815.000,57270,1,TH,1,100,30.508
1733303899.255361,363948.000,57286,1,TH,1,100,30.508
1733303899.388361,364081.000,57303,1,TH,1,100,30.684
1733303899.522361,364215.000,57337,1,TH,1,100,30.684
1733303899.655362,364348.000,57353,1,TH,1,100,30.592
1733303899.788362,364481.000,57371,1,TH,1,100,30.592
1733303899.922363,364615.000,57402,1,TH,1,100,30.522
1733303900.055363,364748.000,57418,1,TH,1,100,30.522
1733303900.188363,364881.000,57436,1,TH,1,100,30.556
1733303900.322364,365015.000,57469,1,TH,1,100,30.563
1733303900.455364,365148.000,57486,1,TH,1,100,30.627
1733303900.588365,365281.000,57508,1,TH,1,100,30.627
1733303900.722365,365415.000,57524,1,TH,1,100,30.627
1733303900.855365,365548.000,57542,1,TH,1,100,30.627
1733303900.988366,365681.000,57573,1,TH,1,100,30.612
1733303901.121366,365814.000,57592,1,TH,1,100,30.612
1733303901.255367,365948.000,57609,1,TH,1,100,30.645
1733303901.388367,366081.000,57641,1,TH,1,100,30.645
1733303901.521367,366214.000,57659,1,TH,1,100,30.668
1733303901.655368,366348.000,57676,1,TH,1,100,30.675
1733303901.788368,366481.000,57708,1,TH,1,100,30.639
1733303901.922369,366615.000,57724,1,TH,1,100,30.639
1733303902.055369,366748.000,57741,1,TH,1,100,30.623
1733303902.188369,366881.000,57760,1,TH,1,100,30.623
1733303902.321370,367014.000,57791,1,TH,1,100,30.621
1733303902.455370,367148.000,57809,1,TH,1,100,30.621
1733303902.588370,367281.000,57825,1,TH,1,100,30.664
1733303902.722371,367415.000,57857,1,TH,1,100,30.664
1733303902.855371,367548.000,57874,1,TH,1,100,30.577
1733303902.988372,367681.000,57892,1,TH,1,100,30.584
1733303903.121372,367814.000,57924,1,TH,1,100,30.643
1733303903.255372,367948.000,57941,1,TH,1,100,30.643
1733303903.388373,368081.000,57957,1,TH,1,100,30.641
1733303903.521373,368214.000,57989,1,TH,1,100,30.641
1733303903.655374,368348.000,58006,1,TH,1,100,30.679
1733303903.788374,368481.000,58023,1,TH,1,100,30.679
1733303903.921374,368614.000,58040,1,TH,1,100,30.595
1733303904.055375,368748.000,58074,1,TH,1,100,30.595
1733303904.188375,368881.000,58090,1,TH,1,100,30.612
1733303904.321375,369014.000,58107,1,TH,1,100,30.612
1733303904.455376,369148.000,58139,1,TH,1,100,30.694
1733303904.588376,369281.000,58155,1,TH,1,100,30.694
1733303904.721377,369414.000,58172,1,TH,1,100,30.699
1733303904.855377,369548.000,58206,1,TH,1,100,30.706
1733303904.988377,369681.000,58222,1,TH,1,100,30.663
1733303905.121378,369814.000,58240,1,TH,1,100,30.663
1733303905.254378,369947.000,58271,1,TH,1,100,30.668
1733303905.388379,370081.000,58287,1,TH,1,100,30.668
1733303905.521379,370214.000,58305,1,TH,1,100,30.729
1733303905.654879,370347.500,58343,2,TH,1,100,30.729
1733303905.788380,370481.000,58343,2,TH,1,100,30.617
1733303905.921380,370614.000,58376,1,TH,1,100,30.617
1733303906.054381,370747.000,58392,1,TH,1,100,30.704
1733303906.188381,370881.000,58410,1,TH,1,100,30.711
1733303906.321381,371014.000,58441,1,TH,1,100,30.682
1733303906.454382,371147.000,58458,1,TH,1,100,30.682
1733303906.588382,371281.000,58477,1,TH,1,100,30.601
1733303906.721383,371414.000,58509,1,TH,1,100,30.600
1733303906.854383,371547.000,58525,1,TH,1,100,30.667
1733303906.988383,371681.000,58544,1,TH,1,100,30.667
1733303907.121384,371814.000,58561,1,TH,1,100,30.769
1733303907.254384,371947.000,58592,1,TH,1,100,30.769
1733303907.388385,372081.000,58609,1,TH,1,100,30.713
1733303907.521385,372214.000,58626,1,TH,1,100,30.713
1733303907.654385,372347.000,58657,1,TH,1,100,30.820
1733303907.787386,372480.000,58675,1,TH,1,100,30.827
1733303907.921386,372614.000,58691,1,TH,1,100,30.707
1733303908.054386,372747.000,58725,1,TH,1,100,30.707
1733303908.187387,372880.000,58742,1,TH,1,100,30.610
1733303908.321387,373014.000,58758,1,TH,1,100,30.610
1733303908.454388,373147.000,58790,1,TH,1,100,30.725
1733303908.587388,373280.000,58807,1,TH,1,100,30.725
1733303908.721388,373414.000,58823,1,TH,1,100,30.745
1733303908.854389,373547.000,58855,1,TH,1,100,30.745
1733303908.988389,373681.000,58874,1,TH,1,100,30.631
1733303909.121390,373814.000,58891,1,TH,1,100,30.630
1733303909.254390,373947.000,58922,1,TH,1,100,30.709
1733303909.387390,374080.000,58940,1,TH,1,100,30.717
1733303909.521391,374214.000,58956,1,TH,1,100,30.736
1733303909.654391,374347.000,58973,1,TH,1,100,30.736
1733303909.787391,374480.000,59005,1,TH,1,100,30.760
1733303909.921392,374614.000,59023,1,TH,1,100,30.760
1733303910.054392,374747.000,59040,1,TH,1,100,30.655
1733303910.187393,374880.000,59072,1,TH,1,100,30.655
1733303910.321393,375014.000,59088,1,TH,1,100,30.701
1733303910.454393,375147.000,59106,1,TH,1,100,30.701
1733303910.587394,375280.000,59137,1,TH,1,100,30.765
1733303910.721394,375414.000,59153,1,TH,1,100,30.772
1733303910.854395,375547.000,59178,1,TH,1,100,30.718
1733303910.987395,375680.000,59194,1,TH,1,100,30.718
1733303911.121395,375814.000,59212,1,TH,1,100,30.711
1733303911.254396,375947.000,59243,1,TH,1,100,30.711
1733303911.387396,376080.000,59259,1,TH,1,100,30.739
1733303911.521397,376214.000,59279,1,TH,1,100,30.739
1733303911.654397,376347.000,59312,1,TH,1,100,30.687
1733303911.787397,376480.000,59329,1,TH,1,100,30.687
1733303911.921398,376614.000,59346,1,TH,1,100,30.708
1733303912.054398,376747.000,59378,1,TH,1,100,30.708
1733303912.187399,376880.000,59394,1,TH,1,100,30.693
1733303912.320399,377013.000,59411,1,TH,1,100,30.700
1733303912.454399,377147.000,59428,1,TH,1,100,30.697
1733303912.587400,377280.000,59461,1,TH,1,100,30.697
1733303912.720400,377413.000,59478,1,TH,1,100,30.723
1733303912.854401,377547.000,59495,1,TH,1,100,30.723
1733303912.987401,377680.000,59526,1,TH,1,100,30.723
1733303913.120401,377813.000,59544,1,TH,1,100,30.723
1733303913.254402,377947.000,59560,1,TH,1,100,30.692
1733303913.387402,378080.000,59577,1,TH,1,100,30.692
1733303913.520402,378213.000,59609,1,TH,1,100,30.760
1733303913.654403,378347.000,59627,1,TH,1,100,30.761
1733303913.787403,378480.000,59645,1,TH,1,100,30.730
1733303913.920404,378613.000,59661,1,TH,1,100,30.737
1733303914.054404,378747.000,59693,1,TH,1,100,30.737
1733303914.187404,378880.000,59710,1,TH,1,100,30.737
1733303914.320405,379013.000,59726,1,TH,1,100,30.824
1733303914.454405,379147.000,59758,1,TH,1,100,30.824
1733303914.587406,379280.000,59775,1,TH,1,100,30.699
1733303914.720406,379413.000,59791,1,TH,1,100,30.699
1733303914.853406,379546.000,59823,1,TH,1,100,30.850
1733303914.987407,379680.000,59842,1,TH,1,100,30.850
1733303915.120407,379813.000,59859,1,TH,1,100,30.783
1733303915.254408,379947.000,59890,1,TH,1,100,30.783
1733303915.387408,380080.000,59907,1,TH,1,100,30.721
1733303915.520408,380213.000,59924,1,TH,1,100,30.728
1733303915.653409,380346.000,59955,1,TH,1,100,30.731
1733303915.787409,380480.000,59973,1,TH,1,100,30.731
1733303915.920409,380613.000,59997,1,TH,1,100,30.728
1733303916.053410,380746.000,60014,1,TH,1,100,30.728
1733303916.187410,380880.000,60031,1,TH,1,100,30.772
1733303916.320411,381013.000,60047,1,TH,1,100,30.772
1733303916.453411,381146.000,60065,1,TH,1,100,30.725
1733303916.587411,381280.000,60098,1,TH,1,100,30.725
1733303916.720412,381413.000,60114,1,TH,1,100,30.759
1733303916.853412,381546.000,60132,1,TH,1,100,30.766
1733303916.987413,381680.000,60165,1,TH,1,100,30.751
1733303917.120413,381813.000,60182,1,TH,1,100,30.751
1733303917.253413,381946.000,60199,1,TH,1,100,30.718
1733303917.387414,382080.000,60231,1,TH,1,100,30.718
1733303917.520414,382213.000,60247,1,TH,1,100,30.787
1733303917.653415,382346.000,60264,1,TH,1,100,30.787
1733303917.786415,382479.000,60296,1,TH,1,100,30.866
1733303917.920415,382613.000,60312,1,TH,1,100,30.866
1733303918.053416,382746.000,60329,1,TH,1,100,30.743
1733303918.186416,382879.000,60346,1,TH,1,100,30.743
1733303918.320417,383013.000,60377,1,TH,1,100,30.771
1733303918.453417,383146.000,60395,1,TH,1,100,30.771
1733303918.587417,383280.000,60411,1,TH,1,100,30.763
1733303918.720418,383413.000,60445,1,TH,1,100,30.771
1733303918.853418,383546.000,60462,1,TH,1,100,30.824
1733303918.987419,383680.000,60478,1,TH,1,100,30.824
1733303919.120419,383813.000,60510,1,TH,1,100,30.717
1733303919.253419,383946.000,60527,1,TH,1,100,30.717
1733303919.386420,384079.000,60543,1,TH,1,100,30.867
1733303919.520420,384213.000,60577,1,TH,1,100,30.867
1733303919.653420,384346.000,60594,1,TH,1,100,30.782
1733303919.786421,384479.000,60611,1,TH,1,100,30.782
1733303919.920421,384613.000,60642,1,TH,1,100,30.814
1733303920.053422,384746.000,60659,1,TH,1,100,30.821
1733303920.186422,384879.000,60676,1,TH,1,100,30.741
1733303920.320422,385013.000,60693,1,TH,1,100,30.741
1733303920.453423,385146.000,60725,1,TH,1,100,30.744
1733303920.586423,385279.000,60743,1,TH,1,100,30.744
1733303920.720424,385413.000,60760,1,TH,1,100,30.879
1733303920.853424,385546.000,60792,1,TH,1,100,30.879
1733303920.986424,385679.000,60808,1,TH,1,100,30.785
1733303921.119425,385812.000,60831,1,TH,1,100,30.785
1733303921.253425,385946.000,60847,1,TH,1,100,30.754
1733303921.386425,386079.000,60881,1,TH,1,100,30.754
1733303921.519426,386212.000,60900,1,TH,1,100,30.761
1733303921.653426,386346.000,60916,1,TH,1,100,30.761
1733303921.786427,386479.000,60934,1,TH,1,100,30.718
1733303921.920427,386613.000,60965,1,TH,1,100,30.718
1733303922.053427,386746.000,60981,1,TH,1,100,30.759
1733303922.186428,386879.000,60999,1,TH,1,100,30.766
1733303922.319428,387012.000,61032,1,TH,1,100,30.761
1733303922.453429,387146.000,61049,1,TH,1,100,30.761
1733303922.586429,387279.000,61066,1,TH,1,100,30.766
1733303922.719429,387412.000,61098,1,TH,1,100,30.766
1733303922.853430,387546.000,61114,1,TH,1,100,30.768
1733303922.986430,387679.000,61131,1,TH,1,100,30.768
1733303923.119431,387812.000,61165,1,TH,1,100,30.746
1733303923.253431,387946.000,61181,1,TH,1,100,30.746
1733303923.386431,388079.000,61198,1,TH,1,100,30.794
1733303923.519432,388212.000,61230,1,TH,1,100,30.794
1733303923.653432,388346.000,61246,1,TH,1,100,30.702
1733303923.786433,388479.000,61264,1,TH,1,100,30.709
1733303923.919433,388612.000,61280,1,TH,1,100,30.701
1733303924.053433,388746.000,61314,1,TH,1,100,30.701
1733303924.186434,388879.000,61331,1,TH,1,100,30.765
1733303924.319434,389012.000,61347,1,TH,1,100,30.766
1733303924.453435,389146.000,61379,1,TH,1,100,30.893
1733303924.586435,389279.000,61396,1,TH,1,100,30.893
1733303924.719435,389412.000,61412,1,TH,1,100,30.804
1733303924.852436,389545.000,61444,1,TH,1,100,30.804
1733303924.986436,389679.000,61463,1,TH,1,100,30.742
1733303925.119437,389812.000,61480,1,TH,1,100,30.742
1733303925.253437,389946.000,61511,1,TH,1,100,30.875
1733303925.386437,390079.000,61528,1,TH,1,100,30.882
1733303925.519438,390212.000,61545,1,TH,1,100,30.854
1733303925.652438,390345.000,61576,1,TH,1,100,30.854
1733303925.786438,390479.000,61596,1,TH,1,100,30.726
1733303925.919439,390612.000,61612,1,TH,1,100,30.726
1733303926.052439,390745.000,61644,1,TH,1,100,30.760
1733303926.186440,390879.000,61666,1,TH,1,100,30.760
1733303926.319440,391012.000,61682,1,TH,1,100,30.839
1733303926.453440,391146.000,61700,1,TH,1,100,30.839
1733303926.586441,391279.000,61720,1,TH,1,100,30.841
1733303926.719441,391412.000,61752,1,TH,1,100,30.841
1733303926.852442,391545.000,61769,1,TH,1,100,30.703
1733303926.986442,391679.000,61785,1,TH,1,100,30.703
1733303927.119442,391812.000,61803,1,TH,1,100,30.823
1733303927.252443,391945.000,61834,1,TH,1,100,30.830
1733303927.386443,392079.000,61850,1,TH,1,100,30.828
1733303927.519444,392212.000,61868,1,TH,1,100,30.828
1733303927.652444,392345.000,61901,1,TH,1,100,30.777
1733303927.786444,392479.000,61918,1,TH,1,100,30.776
1733303927.919445,392612.000,61935,1,TH,1,100,30.843
1733303928.052445,392745.000,61967,1,TH,1,100,30.843
1733303928.185446,392878.000,61983,1,TH,1,100,30.845
1733303928.319446,393012.000,62000,1,TH,1,100,30.845
1733303928.452446,393145.000,62032,1,TH,1,100,30.779
1733303928.585447,393278.000,62048,1,TH,1,100,30.779
1733303928.719447,393412.000,62067,1,TH,1,100,30.809
1733303928.852448,393545.000,62099,1,TH,1,100,30.809
1733303928.986448,393679.000,62115,1,TH,1,100,30.871
1733303929.119448,393812.000,62133,1,TH,1,100,30.878
1733303929.252449,393945.000,62164,1,TH,1,100,30.735
1733303929.385449,394078.000,62181,1,TH,1,100,30.735
1733303929.519449,394212.000,62198,1,TH,1,100,30.842
1733303929.652450,394345.000,62214,1,TH,1,100,30.842
1733303929.785450,394478.000,62248,1,TH,1,100,30.804
1733303929.919451,394612.000,62265,1,TH,1,100,30.804
1733303930.052451,394745.000,62281,1,TH,1,100,30.827
1733303930.185452,394878.000,62313,1,TH,1,100,30.827
1733303930.319452,395012.000,62330,1,TH,1,100,30.776
1733303930.452452,395145.000,62347,1,TH,1,100,30.776
1733303930.585453,395278.000,62380,1,TH,1,100,30.755
1733303930.719453,395412.000,62397,1,TH,1,100,30.762
1733303930.852453,395545.000,62414,1,TH,1,100,30.828
1733303930.985454,395678.000,62445,1,TH,1,100,30.828
1733303931.118454,395811.000,62463,1,TH,1,100,30.811
1733303931.252455,395945.000,62479,1,TH,1,100,30.811
1733303931.385455,396078.000,62501,1,TH,1,100,30.831
1733303931.518455,396211.000,62520,1,TH,1,100,30.831
1733303931.652456,396345.000,62553,1,TH,1,100,30.905
1733303931.785456,396478.000,62571,1,TH,1,100,30.905
1733303931.918457,396611.000,62587,1,TH,1,100,30.734
1733303932.052457,396745.000,62619,1,TH,1,100,30.734
1733303932.185457,396878.000,62636,1,TH,1,100,30.898
1733303932.318458,397011.000,62652,1,TH,1,100,30.898
1733303932.452458,397145.000,62686,1,TH,1,100,30.907
1733303932.585459,397278.000,62703,1,TH,1,100,30.914
1733303932.718459,397411.000,62719,1,TH,1,100,30.831
1733303932.852459,397545.000,62751,1,TH,1,100,30.831
1733303932.985460,397678.000,62768,1,TH,1,100,30.792
1733303933.118460,397811.000,62785,1,TH,1,100,30.792
1733303933.252460,397945.000,62802,1,TH,1,100,30.792
1733303933.385461,398078.000,62834,1,TH,1,100,30.792
1733303933.518461,398211.000,62852,1,TH,1,100,30.809
1733303933.652462,398345.000,62869,1,TH,1,100,30.809
1733303933.785462,398478.000,62901,1,TH,1,100,30.863
1733303933.918462,398611.000,62917,1,TH,1,100,30.863
1733303934.052463,398745.000,62934,1,TH,1,100,30.828
1733303934.185463,398878.000,62968,1,TH,1,100,30.835
1733303934.318464,399011.000,62984,1,TH,1,100,30.914
1733303934.452464,399145.000,63002,1,TH,1,100,30.914
1733303934.585464,399278.000,63033,1,TH,1,100,30.776
1733303934.718465,399411.000,63049,1,TH,1,100,30.776
1733303934.852465,399545.000,63067,1,TH,1,100,30.868
1733303934.985466,399678.000,63098,1,TH,1,100,30.868
1733303935.118466,399811.000,63115,1,TH,1,100,30.852
1733303935.252466,399945.000,63134,1,TH,1,100,30.852
1733303935.385467,400078.000,63150,1,TH,1,100,30.796
1733303935.518467,400211.000,63182,1,TH,1,100,30.796
1733303935.651468,400344.000,63199,1,TH,1,100,30.825
1733303935.785468,400478.000,63216,1,TH,1,100,30.832
1733303935.918468,400611.000,63247,1,TH,1,100,30.826
1733303936.051469,400744.000,63264,1,TH,1,100,30.826
1733303936.185469,400878.000,63281,1,TH,1,100,30.910
1733303936.318470,401011.000,63314,1,TH,1,100,30.910
1733303936.451470,401144.000,63335,1,TH,1,100,30.898
1733303936.585470,401278.000,63353,1,TH,1,100,30.898
1733303936.718471,401411.000,63370,1,TH,1,100,30.821
1733303936.851471,401544.000,63387,1,TH,1,100,30.821
1733303936.985471,401678.000,63418,1,TH,1,100,30.855
1733303937.118472,401811.000,63436,1,TH,1,100,30.855
1733303937.251472,401944.000,63454,1,TH,1,100,30.823
1733303937.385473,402078.000,63486,1,TH,1,100,30.823
1733303937.518473,402211.000,63503,1,TH,1,100,30.867
1733303937.651473,402344.000,63519,1,TH,1,100,30.874
1733303937.785474,402478.000,63551,1,TH,1,100,30.846
1733303937.918474,402611.000,63568,1,TH,1,100,30.846
1733303938.051475,402744.000,63584,1,TH,1,100,30.922
1733303938.185475,402878.000,63618,1,TH,1,100,30.923
1733303938.318475,403011.000,63635,1,TH,1,100,30.902
1733303938.451476,403144.000,63652,1,TH,1,100,30.902
1733303938.584476,403277.000,63683,1,TH,1,100,30.895
1733303938.718477,403411.000,63701,1,TH,1,100,30.895
1733303938.851477,403544.000,63717,1,TH,1,100,30.869
1733303938.985477,403678.000,63734,1,TH,1,100,30.869
1733303939.118478,403811.000,63766,1,TH,1,100,30.861
1733303939.251478,403944.000,63784,1,TH,1,100,30.869
1733303939.384478,404077.000,63801,1,TH,1,100,30.840
1733303939.518479,404211.000,63833,1,TH,1,100,30.840
1733303939.651479,404344.000,63849,1,TH,1,100,30.906
1733303939.784480,404477.000,63867,1,TH,1,100,30.906
1733303939.918480,404611.000,63898,1,TH,1,100,30.909
1733303940.051480,404744.000,63914,1,TH,1,100,30.909
1733303940.184481,404877.000,63932,1,TH,1,100,30.899
1733303940.318481,405011.000,63965,1,TH,1,100,30.899
1733303940.451482,405144.000,63982,1,TH,1,100,30.893
1733303940.584482,405277.000,63999,1,TH,1,100,30.893
1733303940.718482,405411.000,64015,1,TH,1,100,30.909
1733303940.851483,405544.000,64047,1,TH,1,100,30.909
1733303940.984483,405677.000,64064,1,TH,1,100,30.904
1733303941.117484,405810.000,64083,1,TH,1,100,30.904
1733303941.251484,405944.000,64114,1,TH,1,100,30.809
1733303941.384484,406077.000,64131,1,TH,1,100,30.816
1733303941.518485,406211.000,64150,1,TH,1,100,30.883
1733303941.651485,406344.000,64174,1,TH,1,100,30.883
1733303941.784486,406477.000,64206,1,TH,1,100,30.898
1733303941.918486,406611.000,64222,1,TH,1,100,30.898
1733303942.051486,406744.000,64239,1,TH,1,100,30.944
1733303942.184487,406877.000,64258,1,TH,1,100,30.944
1733303942.318487,407011.000,64289,1,TH,1,100,30.839
1733303942.451488,407144.000,64307,1,TH,1,100,30.839
1733303942.584488,407277.000,64323,1,TH,1,100,30.826
1733303942.717488,407410.000,64355,1,TH,1,100,30.826
1733303942.851489,407544.000,64372,1,TH,1,100,30.888
1733303942.984489,407677.000,64388,1,TH,1,100,30.895
1733303943.117489,407810.000,64422,1,TH,1,100,30.877
1733303943.251490,407944.000,64439,1,TH,1,100,30.877
1733303943.384490,408077.000,64455,1,TH,1,100,30.946
1733303943.517491,408210.000,64487,1,TH,1,100,30.946
1733303943.651491,408344.000,64504,1,TH,1,100,30.894
1733303943.784491,408477.000,64521,1,TH,1,100,30.894
1733303943.917492,408610.000,64554,1,TH,1,100,30.854
1733303944.051492,408744.000,64571,1,TH,1,100,30.854
1733303944.184493,408877.000,64588,1,TH,1,100,30.884
1733303944.317493,409010.000,64619,1,TH,1,100,30.884
1733303944.451493,409144.000,64637,1,TH,1,100,30.849
1733303944.584494,409277.000,64653,1,TH,1,100,30.856
1733303944.717494,409410.000,64670,1,TH,1,100,30.935
1733303944.851495,409544.000,64702,1,TH,1,100,30.935
1733303944.984495,409677.000,64720,1,TH,1,100,30.937
1733303945.117495,409810.000,64738,1,TH,1,100,30.937
1733303945.250496,409943.000,64769,1,TH,1,100,30.917
1733303945.384496,410077.000,64785,1,TH,1,100,30.917
1733303945.517496,410210.000,64803,1,TH,1,100,30.975
1733303945.650497,410343.000,64834,1,TH,1,100,30.975
1733303945.784497,410477.000,64851,1,TH,1,100,30.932
1733303945.917498,410610.000,64868,1,TH,1,100,30.932
1733303946.051498,410744.000,64902,1,TH,1,100,30.927
1733303946.184498,410877.000,64918,1,TH,1,100,30.927
1733303946.317499,411010.000,64935,1,TH,1,100,30.960
1733303946.451499,411144.000,64969,1,TH,1,100,30.967
1733303946.584500,411277.000,64985,1,TH,1,100,30.896
1733303946.717500,411410.000,65010,1,TH,1,100,30.896
1733303946.850500,411543.000,65026,1,TH,1,100,30.885
1733303946.984501,411677.000,65043,1,TH,1,100,30.885
1733303947.117501,411810.000,65075,1,TH,1,100,30.831
1733303947.250502,411943.000,65091,1,TH,1,100,30.831
1733303947.384502,412077.000,65108,1,TH,1,100,30.967
1733303947.517502,412210.000,65140,1,TH,1,100,30.967
1733303947.650503,412343.000,65156,1,TH,1,100,30.859
1733303947.783503,412476.000,65176,1,TH,1,100,30.859
1733303947.917504,412610.000,65207,1,TH,1,100,30.934
1733303948.050504,412743.000,65223,1,TH,1,100,30.934
1733303948.183504,412876.000,65241,1,TH,1,100,30.923
1733303948.317505,413010.000,65257,1,TH,1,100,30.931
1733303948.450505,413143.000,65275,1,TH,1,100,30.890
1733303948.584506,413277.000,65306,1,TH,1,100,30.890
1733303948.717506,413410.000,65324,1,TH,1,100,30.890
1733303948.850506,413543.000,65342,1,TH,1,100,30.890
1733303948.984507,413677.000,65373,1,TH,1,100,30.854
1733303949.117507,413810.000,65390,1,TH,1,100,30.854
1733303949.250507,413943.000,65407,1,TH,1,100,30.928
1733303949.384508,414077.000,65439,1,TH,1,100,30.928
1733303949.517508,414210.000,65455,1,TH,1,100,30.892
1733303949.650509,414343.000,65472,1,TH,1,100,30.892
1733303949.783509,414476.000,65506,1,TH,1,100,30.887
1733303949.917509,414610.000,65522,1,TH,1,100,30.894
1733303950.050510,414743.000,3,1,TH,1,100,30.976
1733303950.183510,414876.000,35,1,TH,1,100,30.976
1733303950.317511,415010.000,51,1,TH,1,100,30.978
1733303950.450511,415143.000,69,1,TH,1,100,30.978
1733303950.583511,415276.000,87,1,TH,1,100,30.925
1733303950.717512,415410.000,119,1,TH,1,100,30.925
1733303950.850512,415543.000,136,1,TH,1,100,30.879
1733303950.983512,415676.000,152,1,TH,1,100,30.879
1733303951.117513,415810.000,184,1,TH,1,100,30.953
1733303951.250513,415943.000,201,1,TH,1,100,30.953
1733303951.383514,416076.000,217,1,TH,1,100,30.915
1733303951.517514,416210.000,253,1,TH,1,100,30.915
1733303951.650514,416343.000,270,1,TH,1,100,31.006
1733303951.783515,416476.000,292,1,TH,1,100,31.013
1733303951.917515,416610.000,323,1,TH,1,100,30.850
1733303952.050516,416743.000,340,1,TH,1,100,30.850
1733303952.183516,416876.000,357,1,TH,1,100,30.977
1733303952.316516,417009.000,390,1,TH,1,100,30.977
1733303952.450517,417143.000,408,1,TH,1,100,30.947
1733303952.583517,417276.000,424,1,TH,1,100,30.947
1733303952.717518,417410.000,456,1,TH,1,100,30.926
1733303952.850518,417543.000,473,1,TH,1,100,30.926
1733303952.983518,417676.000,489,1,TH,1,100,30.906
1733303953.116519,417809.000,507,1,TH,1,100,30.913
1733303953.250519,417943.000,540,1,TH,1,100,30.923
1733303953.383520,418076.000,556,1,TH,1,100,30.923
1733303953.516520,418209.000,574,1,TH,1,100,30.921
1733303953.650520,418343.000,605,1,TH,1,100,30.921
1733303953.783521,418476.000,622,1,TH,1,100,30.987
1733303953.916521,418609.000,639,1,TH,1,100,30.987
1733303954.050522,418743.000,673,1,TH,1,100,30.885
1733303954.183522,418876.000,689,1,TH,1,100,30.885
1733303954.316522,419009.000,706,1,TH,1,100,30.951
1733303954.449523,419142.000,738,1,TH,1,100,30.951
1733303954.583523,419276.000,754,1,TH,1,100,30.938
1733303954.716523,419409.000,771,1,TH,1,100,30.938
1733303954.850524,419543.000,788,1,TH,1,100,30.964
1733303954.983524,419676.000,819,1,TH,1,100,30.964
1733303955.116525,419809.000,837,1,TH,1,100,30.943
1733303955.249525,419942.000,853,1,TH,1,100,30.951
1733303955.383525,420076.000,887,1,TH,1,100,30.951
1733303955.516526,420209.000,904,1,TH,1,100,30.951
1733303955.650526,420343.000,920,1,TH,1,100,31.050
1733303955.783527,420476.000,952,1,TH,1,100,31.050
1733303955.916527,420609.000,969,1,TH,1,100,30.966
1733303956.049527,420742.000,987,1,TH,1,100,30.966
1733303956.183528,420876.000,1019,1,TH,1,100,30.907
1733303956.316528,421009.000,1036,1,TH,1,100,30.907
1733303956.449528,421142.000,1053,1,TH,1,100,30.953
1733303956.583529,421276.000,1086,1,TH,1,100,30.953
1733303956.716529,421409.000,1103,1,TH,1,100,30.907
1733303956.849530,421542.000,1120,1,TH,1,100,30.914
1733303956.983530,421676.000,1140,1,TH,1,100,30.978
1733303957.116530,421809.000,1159,1,TH,1,100,30.978
1733303957.249531,421942.000,1190,1,TH,1,100,30.970
1733303957.383531,422076.000,1207,1,TH,1,100,30.970
1733303957.516532,422209.000,1224,1,TH,1,100,30.957
1733303957.649532,422342.000,1255,1,TH,1,100,30.957
1733303957.783532,422476.000,1273,1,TH,1,100,30.983
1733303957.916533,422609.000,1289,1,TH,1,100,30.983
1733303958.049533,422742.000,1323,1,TH,1,100,30.937
1733303958.183534,422876.000,1340,1,TH,1,100,30.937
1733303958.316534,423009.000,1356,1,TH,1,100,30.952
1733303958.449534,423142.000,1374,1,TH,1,100,30.952
1733303958.582535,423275.000,1405,1,TH,1,100,31.026
1733303958.716535,423409.000,1421,1,TH,1,100,31.033
1733303958.849536,423542.000,1439,1,TH,1,100,30.964
1733303958.982536,423675.000,1472,1,TH,1,100,30.964
1733303959.116536,423809.000,1489,1,TH,1,100,30.946
1733303959.249537,423942.000,1506,1,TH,1,100,30.946
1733303959.383537,424076.000,1538,1,TH,1,100,31.025
1733303959.516538,424209.000,1554,1,TH,1,100,31.025
1733303959.649538,424342.000,1571,1,TH,1,100,30.949
1733303959.782538,424475.000,1603,1,TH,1,100,30.948
1733303959.916539,424609.000,1621,1,TH,1,100,31.013
1733303960.049539,424742.000,1638,1,TH,1,100,31.013
1733303960.182539,424875.000,1670,1,TH,1,100,30.956
1733303960.316540,425009.000,1686,1,TH,1,100,30.964
1733303960.449540,425142.000,1704,1,TH,1,100,31.017
1733303960.582541,425275.000,1735,1,TH,1,100,31.017
1733303960.716541,425409.000,1752,1,TH,1,100,30.887
1733303960.849541,425542.000,1771,1,TH,1,100,30.887
1733303960.982542,425675.000,1787,1,TH,1,100,31.060
1733303961.116542,425809.000,1819,1,TH,1,100,31.060
1733303961.249543,425942.000,1836,1,TH,1,100,30.935
1733303961.382543,426075.000,1852,1,TH,1,100,30.935
1733303961.516543,426209.000,1886,1,TH,1,100,31.004
1733303961.649544,426342.000,1903,1,TH,1,100,31.011
1733303961.782544,426475.000,1922,1,TH,1,100,30.922
1733303961.916545,426609.000,1953,1,TH,1,100,30.922
1733303962.049545,426742.000,1977,1,TH,1,100,31.128
1733303962.182545,426875.000,1994,1,TH,1,100,31.128
1733303962.315546,427008.000,2025,1,TH,1,100,31.027
1733303962.449546,427142.000,2043,1,TH,1,100,31.027
1733303962.582546,427275.000,2059,1,TH,1,100,31.008
1733303962.715547,427408.000,2093,1,TH,1,100,31.008
1733303962.849547,427542.000,2110,1,TH,1,100,31.029
1733303962.982548,427675.000,2126,1,TH,1,100,31.029
1733303963.116548,427809.000,2158,1,TH,1,100,31.001
1733303963.249548,427942.000,2175,1,TH,1,100,31.001
1733303963.382549,428075.000,2191,1,TH,1,100,31.054
1733303963.515549,428208.000,2209,1,TH,1,100,31.062
1733303963.649550,428342.000,2242,1,TH,1,100,30.985
1733303963.782550,428475.000,2259,1,TH,1,100,30.985
1733303963.915550,428608.000,2276,1,TH,1,100,31.016
1733303964.049551,428742.000,2308,1,TH,1,100,31.016
1733303964.182551,428875.000,2324,1,TH,1,100,31.003
1733303964.315552,429008.000,2341,1,TH,1,100,31.003
1733303964.449552,429142.000,2375,1,TH,1,100,31.025
1733303964.582552,429275.000,2391,1,TH,1,100,31.025
1733303964.715553,429408.000,2408,1,TH,1,100,30.962
1733303964.849553,429542.000,2440,1,TH,1,100,30.962
1733303964.982554,429675.000,2456,1,TH,1,100,30.992
1733303965.115554,429808.000,2474,1,TH,1,100,30.992
1733303965.248554,429941.000,2505,1,TH,1,100,31.122
1733303965.382555,430075.000,2521,1,TH,1,100,31.129
1733303965.515555,430208.000,2541,1,TH,1,100,31.012
1733303965.648556,430341.000,2557,1,TH,1,100,31.012
1733303965.782556,430475.000,2589,1,TH,1,100,30.959
1733303965.915556,430608.000,2606,1,TH,1,100,30.959
1733303966.048557,430741.000,2622,1,TH,1,100,31.058
1733303966.182557,430875.000,2654,1,TH,1,100,31.058
1733303966.315557,431008.000,2671,1,TH,1,100,30.987
1733303966.448558,431141.000,2690,1,TH,1,100,30.987
1733303966.582558,431275.000,2723,1,TH,1,100,31.024
1733303966.715559,431408.000,2740,1,TH,1,100,31.032
1733303966.848559,431541.000,2757,1,TH,1,100,30.999
1733303966.982559,431675.000,2788,1,TH,1,100,30.999
1733303967.115560,431808.000,2811,1,TH,1,100,31.059
1733303967.248560,431941.000,2829,1,TH,1,100,31.060
1733303967.382561,432075.000,2846,1,TH,1,100,31.017
1733303967.515561,432208.000,2878,1,TH,1,100,31.016
1733303967.648561,432341.000,2894,1,TH,1,100,30.976
1733303967.782562,432475.000,2912,1,TH,1,100,30.976
1733303967.915562,432608.000,2943,1,TH,1,100,31.011
1733303968.048563,432741.000,2959,1,TH,1,100,31.011
1733303968.181563,432874.000,2977,1,TH,1,100,31.034
1733303968.315563,433008.000,3010,1,TH,1,100,31.041
1733303968.448564,433141.000,3027,1,TH,1,100,30.985
1733303968.581564,433274.000,3044,1,TH,1,100,30.985
1733303968.715564,433408.000,3076,1,TH,1,100,31.092
1733303968.848565,433541.000,3092,1,TH,1,100,31.092
1733303968.982565,433675.000,3109,1,TH,1,100,31.069
1733303969.115566,433808.000,3143,1,TH,1,100,31.069
1733303969.248566,433941.000,3159,1,TH,1,100,31.016
1733303969.382566,434075.000,3176,1,TH,1,100,31.016
1733303969.515567,434208.000,3193,1,TH,1,100,31.044
1733303969.648567,434341.000,3224,1,TH,1,100,31.044
1733303969.781568,434474.000,3242,1,TH,1,100,31.067
1733303969.915568,434608.000,3258,1,TH,1,100,31.067
1733303970.048568,434741.000,3292,1,TH,1,100,31.049
1733303970.181569,434874.000,3309,1,TH,1,100,31.056
1733303970.315569,435008.000,3325,1,TH,1,100,31.089
1733303970.448570,435141.000,3357,1,TH,1,100,31.089
1733303970.581570,435274.000,3374,1,TH,1,100,31.043
1733303970.715570,435408.000,3390,1,TH,1,100,31.043
1733303970.848571,435541.000,3424,1,TH,1,100,31.012
1733303970.981571,435674.000,3441,1,TH,1,100,31.012
1733303971.115572,435808.000,3458,1,TH,1,100,31.061
1733303971.248572,435941.000,3489,1,TH,1,100,31.061
1733303971.381572,436074.000,3506,1,TH,1,100,31.122
1733303971.514573,436207.000,3525,1,TH,1,100,31.122
1733303971.648573,436341.000,3542,1,TH,1,100,31.130
1733303971.781574,436474.000,3576,1,TH,1,100,31.137
1733303971.915574,436608.000,3592,1,TH,1,100,30.966
1733303972.048574,436741.000,3609,1,TH,1,100,30.966
1733303972.181575,436874.000,3646,1,TH,1,100,31.108
1733303972.314575,437007.000,3662,1,TH,1,100,31.108
1733303972.448575,437141.000,3680,1,TH,1,100,31.098
1733303972.581576,437274.000,3711,1,TH,1,100,31.098
1733303972.714576,437407.000,3729,1,TH,1,100,31.121
1733303972.848577,437541.000,3747,1,TH,1,100,31.121
1733303972.981577,437674.000,3778,1,TH,1,100,31.052
1733303973.114578,437807.000,3795,1,TH,1,100,31.060
1733303973.248578,437941.000,3812,1,TH,1,100,31.106
1733303973.381578,438074.000,3844,1,TH,1,100,31.106
1733303973.514579,438207.000,3860,1,TH,1,100,31.082
1733303973.648579,438341.000,3877,1,TH,1,100,31.082
1733303973.781579,438474.000,3896,1,TH,1,100,31.143
1733303973.914580,438607.000,3927,1,TH,1,100,31.143
1733303974.048580,438741.000,3944,1,TH,1,100,31.184
1733303974.181581,438874.000,3961,1,TH,1,100,31.184
1733303974.314581,439007.000,3992,1,TH,1,100,31.087
1733303974.448581,439141.000,4010,1,TH,1,100,31.087
1733303974.581582,439274.000,4026,1,TH,1,100,31.108
1733303974.714582,439407.000,4060,1,TH,1,100,31.115
1733303974.847583,439540.000,4077,1,TH,1,100,31.120
1733303974.981583,439674.000,4093,1,TH,1,100,31.120
1733303975.114583,439807.000,4125,1,TH,1,100,31.069
1733303975.248584,439941.000,4142,1,TH,1,100,31.069
1733303975.381584,440074.000,4158,1,TH,1,100,31.102
1733303975.514585,440207.000,4178,1,TH,1,100,31.102
1733303975.647585,440340.000,4209,1,TH,1,100,31.104
1733303975.781585,440474.000,4226,1,TH,1,100,31.104
1733303975.914586,440607.000,4243,1,TH,1,100,31.158
1733303976.047586,440740.000,4275,1,TH,1,100,31.158
1733303976.181587,440874.000,4291,1,TH,1,100,31.109
1733303976.314587,441007.000,4308,1,TH,1,100,31.117
1733303976.448587,441141.000,4344,1,TH,1,100,31.086
1733303976.581588,441274.000,4360,1,TH,1,100,31.086
1733303976.714588,441407.000,4377,1,TH,1,100,31.104
1733303976.847589,441540.000,4409,1,TH,1,100,31.104
1733303976.981589,441674.000,4425,1,TH,1,100,31.117
1733303977.114589,441807.000,4443,1,TH,1,100,31.117
